energy_relative_fermi_ev,energy_absolute_ev,dos_states_per_ev_per_cell
-12.00000000,-4.19820000,2.500341276140e-11
-11.99000000,-4.18820000,3.796976193465e-11
-11.98000000,-4.17820000,5.740454253690e-11
-11.97000000,-4.16820000,8.640212999680e-11
-11.96000000,-4.15820000,1.294709813468e-10
-11.95000000,-4.14820000,1.931480078514e-10
-11.94000000,-4.13820000,2.868651750915e-10
-11.93000000,-4.12820000,4.241653879855e-10
-11.92000000,-4.11820000,6.243993290713e-10
-11.91000000,-4.10820000,9.150807741081e-10
-11.90000000,-4.09820000,1.335138245542e-09
-11.89000000,-4.08820000,1.939379697787e-09
-11.88000000,-4.07820000,2.804589190934e-09
-11.87000000,-4.06820000,4.037806191280e-09
-11.86000000,-4.05820000,5.787506424931e-09
-11.85000000,-4.04820000,8.258616615864e-09
-11.84000000,-4.03820000,1.173256389824e-08
-11.83000000,-4.02820000,1.659389561914e-08
-11.82000000,-4.01820000,2.336541952033e-08
-11.81000000,-4.00820000,3.275432213043e-08
-11.80000000,-3.99820000,4.571233993214e-08
-11.79000000,-3.98820000,6.351379947861e-08
-11.78000000,-3.97820000,8.785622512304e-08
-11.77000000,-3.96820000,1.209892514979e-07
-11.76000000,-3.95820000,1.658787853019e-07
-11.75000000,-3.94820000,2.264147465630e-07
-11.74000000,-3.93820000,3.076722868639e-07
-11.73000000,-3.92820000,4.162381264544e-07
-11.72000000,-3.91820000,5.606155582108e-07
-11.71000000,-3.90820000,7.517237044280e-07
-11.70000000,-3.89820000,1.003508735234e-06
-11.69000000,-3.88820000,1.333686896578e-06
-11.68000000,-3.87820000,1.764641257958e-06
-11.67000000,-3.86820000,2.324495953720e-06
-11.66000000,-3.85820000,3.048393204306e-06
-11.65000000,-3.84820000,3.979999379595e-06
-11.64000000,-3.83820000,5.173266586562e-06
-11.63000000,-3.82820000,6.694475476914e-06
-11.62000000,-3.81820000,8.624582898202e-06
-11.61000000,-3.80820000,1.106189435367e-05
-11.60000000,-3.79820000,1.412507568053e-05
-11.59000000,-3.78820000,1.795651059474e-05
-11.58000000,-3.77820000,2.272600049494e-05
-11.57000000,-3.76820000,2.863478992450e-05
-11.56000000,-3.75820000,3.591988518192e-05
-11.55000000,-3.74820000,4.485861466902e-05
-11.54000000,-3.73820000,5.577335772225e-05
-11.53000000,-3.72820000,6.903634409891e-05
-11.52000000,-3.71820000,8.507439938853e-05
-11.51000000,-3.70820000,1.043734830147e-04
-11.50000000,-3.69820000,1.274828360482e-04
-11.49000000,-3.68820000,1.550185268876e-04
-11.48000000,-3.67820000,1.876661553528e-04
-11.47000000,-3.66820000,2.261824515001e-04
-11.46000000,-3.65820000,2.713954863300e-04
-11.45000000,-3.64820000,3.242031995208e-04
-11.44000000,-3.63820000,3.855699464631e-04
-11.43000000,-3.62820000,4.565207752894e-04
-11.42000000,-3.61820000,5.381331662720e-04
-11.41000000,-3.60820000,6.315260026664e-04
-11.40000000,-3.59820000,7.378455951976e-04
-11.39000000,-3.58820000,8.582486528170e-04
-11.38000000,-3.57820000,9.938821803437e-04
-11.37000000,-3.56820000,1.145860388632e-03
-11.36000000,-3.55820000,1.315238823565e-03
-11.35000000,-3.54820000,1.502986054135e-03
-11.34000000,-3.53820000,1.709953403773e-03
-11.33000000,-3.52820000,1.936843358653e-03
-11.32000000,-3.51820000,2.184177436680e-03
-11.31000000,-3.50820000,2.452264445338e-03
-11.30000000,-3.49820000,2.741170188853e-03
-11.29000000,-3.48820000,3.050689798410e-03
-11.28000000,-3.47820000,3.380323946390e-03
-11.27000000,-3.46820000,3.729260260019e-03
-11.26000000,-3.45820000,4.096361265457e-03
-11.25000000,-3.44820000,4.480160164927e-03
-11.24000000,-3.43820000,4.878865673206e-03
-11.23000000,-3.42820000,5.290377013407e-03
-11.22000000,-3.41820000,5.712309994973e-03
-11.21000000,-3.40820000,6.142034870701e-03
-11.20000000,-3.39820000,6.576726397986e-03
-11.19000000,-3.38820000,7.013426217729e-03
-11.18000000,-3.37820000,7.449117319964e-03
-11.17000000,-3.36820000,7.880809997039e-03
-11.16000000,-3.35820000,8.305638303454e-03
-11.15000000,-3.34820000,8.720965657151e-03
-11.14000000,-3.33820000,9.124497841737e-03
-11.13000000,-3.32820000,9.514401314190e-03
-11.12000000,-3.31820000,9.889424398932e-03
-11.11000000,-3.30820000,1.024901866690e-02
-11.10000000,-3.29820000,1.059345756611e-02
-11.09000000,-3.28820000,1.092394919558e-02
-11.08000000,-3.27820000,1.124274000310e-02
-11.07000000,-3.26820000,1.155320614347e-02
-11.06000000,-3.25820000,1.185992925966e-02
-11.05000000,-3.24820000,1.216875354691e-02
-11.04000000,-3.23820000,1.248682112794e-02
-11.03000000,-3.22820000,1.282258300699e-02
-11.02000000,-3.21820000,1.318578317831e-02
-11.01000000,-3.20820000,1.358741384020e-02
-11.00000000,-3.19820000,1.403964010618e-02
-10.99000000,-3.18820000,1.455569310785e-02
-10.98000000,-3.17820000,1.514973094614e-02
-10.97000000,-3.16820000,1.583666756627e-02
-10.96000000,-3.15820000,1.663197030040e-02
-10.95000000,-3.14820000,1.755142753594e-02
-10.94000000,-3.13820000,1.861088871729e-02
-10.93000000,-3.12820000,1.982597966326e-02
-10.92000000,-3.11820000,2.121179696853e-02
-10.91000000,-3.10820000,2.278258603658e-02
-10.90000000,-3.09820000,2.455140804347e-02
-10.89000000,-3.08820000,2.652980183344e-02
-10.88000000,-3.07820000,2.872744737008e-02
-10.87000000,-3.06820000,3.115183788501e-02
-10.86000000,-3.05820000,3.380796824852e-02
-10.85000000,-3.04820000,3.669804730632e-02
-10.84000000,-3.03820000,3.982124195730e-02
-10.83000000,-3.02820000,4.317346056785e-02
-10.82000000,-3.01820000,4.674718291172e-02
-10.81000000,-3.00820000,5.053134318408e-02
-10.80000000,-2.99820000,5.451127176358e-02
-10.79000000,-2.98820000,5.866870029707e-02
-10.78000000,-2.97820000,6.298183338019e-02
-10.77000000,-2.96820000,6.742548863190e-02
-10.76000000,-2.95820000,7.197130535412e-02
-10.75000000,-2.94820000,7.658802027638e-02
-10.74000000,-2.93820000,8.124180716459e-02
-10.73000000,-2.92820000,8.589667538107e-02
-10.72000000,-2.91820000,9.051492087977e-02
-10.71000000,-2.90820000,9.505762166420e-02
-10.70000000,-2.89820000,9.948516847918e-02
-10.69000000,-2.88820000,1.037578204980e-01
-10.68000000,-2.87820000,1.078362750407e-01
-10.67000000,-2.86820000,1.116822399408e-01
-10.66000000,-2.85820000,1.152589970848e-01
-10.65000000,-2.84820000,1.185319458711e-01
-10.64000000,-2.83820000,1.214691158740e-01
-10.63000000,-2.82820000,1.240416388170e-01
-10.62000000,-2.81820000,1.262241710256e-01
-10.61000000,-2.80820000,1.279952588120e-01
-10.60000000,-2.79820000,1.293376406756e-01
-10.59000000,-2.78820000,1.302384817462e-01
-10.58000000,-2.77820000,1.306895375001e-01
-10.57000000,-2.76820000,1.306872453807e-01
-10.56000000,-2.75820000,1.302327445292e-01
-10.55000000,-2.74820000,1.293318253152e-01
-10.54000000,-2.73820000,1.279948117414e-01
-10.53000000,-2.72820000,1.262363810342e-01
-10.52000000,-2.71820000,1.240753258192e-01
-10.51000000,-2.70820000,1.215342651975e-01
-10.50000000,-2.69820000,1.186393117774e-01
-10.49000000,-2.68820000,1.154197022794e-01
-10.48000000,-2.67820000,1.119073997141e-01
-10.47000000,-2.66820000,1.081366753397e-01
-10.46000000,-2.65820000,1.041436786403e-01
-10.45000000,-2.64820000,9.996600343047e-02
-10.44000000,-2.63820000,9.564225789408e-02
-10.43000000,-2.62820000,9.121164590166e-02
-10.42000000,-2.61820000,8.671356633950e-02
-10.41000000,-2.60820000,8.218723641644e-02
-10.40000000,-2.59820000,7.767134401218e-02
-10.39000000,-2.58820000,7.320373309994e-02
-10.38000000,-2.57820000,6.882112513689e-02
-10.37000000,-2.56820000,6.455887808939e-02
-10.36000000,-2.55820000,6.045078347623e-02
-10.35000000,-2.54820000,5.652890050744e-02
-10.34000000,-2.53820000,5.282342510774e-02
-10.33000000,-2.52820000,4.936259039091e-02
-10.32000000,-2.51820000,4.617259404051e-02
-10.31000000,-2.50820000,4.327754710608e-02
-10.30000000,-2.49820000,4.069943799171e-02
-10.29000000,-2.48820000,3.845810494077e-02
-10.28000000,-2.47820000,3.657121014852e-02
-10.27000000,-2.46820000,3.505420879281e-02
-10.26000000,-2.45820000,3.392030678188e-02
-10.25000000,-2.44820000,3.318040188252e-02
-10.24000000,-2.43820000,3.284300410076e-02
-10.23000000,-2.42820000,3.291413271366e-02
-10.22000000,-2.41820000,3.339718914886e-02
-10.21000000,-2.40820000,3.429280691808e-02
-10.20000000,-2.39820000,3.559868195295e-02
-10.19000000,-2.38820000,3.730938887836e-02
-10.18000000,-2.37820000,3.941619088812e-02
-10.17000000,-2.36820000,4.190685285612e-02
-10.16000000,-2.35820000,4.476546901545e-02
-10.15000000,-2.34820000,4.797231786582e-02
-10.14000000,-2.33820000,5.150375783179e-02
-10.13000000,-2.32820000,5.533217751169e-02
-10.12000000,-2.31820000,5.942601406934e-02
-10.11000000,-2.30820000,6.374985239088e-02
-10.10000000,-2.29820000,6.826461604770e-02
-10.09000000,-2.28820000,7.292785889260e-02
-10.08000000,-2.27820000,7.769416331887e-02
-10.07000000,-2.26820000,8.251564791060e-02
-10.06000000,-2.25820000,8.734258351097e-02
-10.05000000,-2.24820000,9.212411276573e-02
-10.04000000,-2.23820000,9.680906410650e-02
-10.03000000,-2.22820000,1.013468470857e-01
-10.02000000,-2.21820000,1.056884121251e-01
-10.01000000,-2.20820000,1.097872542589e-01
-10.00000000,-2.19820000,1.136004374883e-01
-9.99000000,-2.18820000,1.170896140588e-01
-9.98000000,-2.17820000,1.202220114294e-01
-9.97000000,-2.16820000,1.229713590077e-01
-9.96000000,-2.15820000,1.253187269272e-01
-9.95000000,-2.14820000,1.272532502466e-01
-9.94000000,-2.13820000,1.287727139397e-01
-9.93000000,-2.12820000,1.298839768513e-01
-9.92000000,-2.11820000,1.306032163359e-01
-9.91000000,-2.10820000,1.309559794456e-01
-9.90000000,-2.09820000,1.309770311640e-01
-9.89000000,-2.08820000,1.307099951358e-01
-9.88000000,-2.07820000,1.302067874668e-01
-9.87000000,-2.06820000,1.295268493030e-01
-9.86000000,-2.05820000,1.287361889071e-01
-9.85000000,-2.04820000,1.279062486859e-01
-9.84000000,-2.03820000,1.271126169814e-01
-9.83000000,-2.02820000,1.264336083174e-01
-9.82000000,-2.01820000,1.259487391217e-01
-9.81000000,-2.00820000,1.257371286666e-01
-9.80000000,-1.99820000,1.258758570576e-01
-9.79000000,-1.98820000,1.264383135226e-01
-9.78000000,-1.97820000,1.274925690238e-01
-9.77000000,-1.96820000,1.290998073152e-01
-9.76000000,-1.95820000,1.313128480296e-01
-9.75000000,-1.94820000,1.341747941935e-01
-9.74000000,-1.93820000,1.377178347682e-01
-9.73000000,-1.92820000,1.419622303993e-01
-9.72000000,-1.91820000,1.469155075534e-01
-9.71000000,-1.90820000,1.525718826375e-01
-9.70000000,-1.89820000,1.589119335752e-01
-9.69000000,-1.88820000,1.659025316715e-01
-9.68000000,-1.87820000,1.734970415033e-01
-9.67000000,-1.86820000,1.816357910839e-01
-9.66000000,-1.85820000,1.902468087556e-01
-9.65000000,-1.84820000,1.992468172868e-01
-9.64000000,-1.83820000,2.085424696082e-01
-9.63000000,-1.82820000,2.180318046872e-01
-9.62000000,-1.81820000,2.276058963677e-01
-9.61000000,-1.80820000,2.371506627892e-01
-9.60000000,-1.79820000,2.465487994204e-01
-9.59000000,-1.78820000,2.556817949848e-01
-9.58000000,-1.77820000,2.644319867810e-01
-9.57000000,-1.76820000,2.726846102486e-01
-9.56000000,-1.75820000,2.803297972076e-01
-9.55000000,-1.74820000,2.872644780693e-01
-9.54000000,-1.73820000,2.933941454909e-01
-9.53000000,-1.72820000,2.986344403936e-01
-9.52000000,-1.71820000,3.029125258887e-01
-9.51000000,-1.70820000,3.061682203255e-01
-9.50000000,-1.69820000,3.083548671929e-01
-9.49000000,-1.68820000,3.094399267659e-01
-9.48000000,-1.67820000,3.094052819201e-01
-9.47000000,-1.66820000,3.082472581916e-01
-9.46000000,-1.65820000,3.059763656593e-01
-9.45000000,-1.64820000,3.026167773048e-01
-9.44000000,-1.63820000,2.982055649444e-01
-9.43000000,-1.62820000,2.927917193919e-01
-9.42000000,-1.61820000,2.864349860650e-01
-9.41000000,-1.60820000,2.792045506513e-01
-9.40000000,-1.59820000,2.711776116472e-01
-9.39000000,-1.58820000,2.624378775573e-01
-9.38000000,-1.57820000,2.530740263271e-01
-9.37000000,-1.56820000,2.431781632536e-01
-9.36000000,-1.55820000,2.328443113042e-01
-9.35000000,-1.54820000,2.221669646142e-01
-9.34000000,-1.53820000,2.112397320989e-01
-9.33000000,-1.52820000,2.001540937928e-01
-9.32000000,-1.51820000,1.889982878940e-01
-9.31000000,-1.50820000,1.778563417313e-01
-9.30000000,-1.49820000,1.668072551399e-01
-9.29000000,-1.48820000,1.559243401865e-01
-9.28000000,-1.47820000,1.452747169407e-01
-9.27000000,-1.46820000,1.349189611468e-01
-9.26000000,-1.45820000,1.249108962835e-01
-9.25000000,-1.44820000,1.152975196535e-01
-9.24000000,-1.43820000,1.061190498441e-01
-9.23000000,-1.42820000,9.740908114983e-02
-9.22000000,-1.41820000,8.919482933742e-02
-9.21000000,-1.40820000,8.149745243283e-02
-9.20000000,-1.39820000,7.433242998844e-02
-9.19000000,-1.38820000,6.770998450372e-02
-9.18000000,-1.37820000,6.163552927911e-02
-9.17000000,-1.36820000,5.611012793569e-02
-9.16000000,-1.35820000,5.113095208496e-02
-9.15000000,-1.34820000,4.669172513890e-02
-9.14000000,-1.33820000,4.278314196429e-02
-9.13000000,-1.32820000,3.939325596410e-02
-9.12000000,-1.31820000,3.650782716630e-02
-9.11000000,-1.30820000,3.411062697363e-02
-9.10000000,-1.29820000,3.218369732844e-02
-9.09000000,-1.28820000,3.070756412922e-02
-9.08000000,-1.27820000,2.966140674812e-02
-9.07000000,-1.26820000,2.902318739364e-02
-9.06000000,-1.25820000,2.876974578684e-02
-9.05000000,-1.24820000,2.887686612446e-02
-9.04000000,-1.23820000,2.931932453965e-02
-9.03000000,-1.22820000,3.007092619832e-02
-9.02000000,-1.21820000,3.110454174921e-02
-9.01000000,-1.20820000,3.239215305092e-02
-9.00000000,-1.19820000,3.390491791194e-02
-8.99000000,-1.18820000,3.561326299425e-02
-8.98000000,-1.17820000,3.748701305736e-02
-8.97000000,-1.16820000,3.949556337783e-02
-8.96000000,-1.15820000,4.160810050915e-02
-8.95000000,-1.14820000,4.379387459635e-02
-8.94000000,-1.13820000,4.602252429376e-02
-8.93000000,-1.12820000,4.826445302425e-02
-8.92000000,-1.11820000,5.049125294642e-02
-8.91000000,-1.10820000,5.267617064503e-02
-8.90000000,-1.09820000,5.479460631742e-02
-8.89000000,-1.08820000,5.682463617573e-02
-8.88000000,-1.07820000,5.874754599841e-02
-8.87000000,-1.06820000,6.054836231164e-02
-8.86000000,-1.05820000,6.221636661539e-02
-8.85000000,-1.04820000,6.374557743064e-02
-8.84000000,-1.03820000,6.513518475633e-02
-8.83000000,-1.02820000,6.638992179534e-02
-8.82000000,-1.01820000,6.752035952908e-02
-8.81000000,-1.00820000,6.854311086662e-02
-8.80000000,-0.99820000,6.948093263052e-02
-8.79000000,-0.98820000,7.036271552042e-02
-8.78000000,-0.97820000,7.122335436317e-02
-8.77000000,-0.96820000,7.210349335387e-02
-8.76000000,-0.95820000,7.304914355668e-02
-8.75000000,-0.94820000,7.411117260452e-02
-8.74000000,-0.93820000,7.534466925685e-02
-8.73000000,-0.92820000,7.680818818922e-02
-8.72000000,-0.91820000,7.856288304953e-02
-8.71000000,-0.90820000,8.067153837875e-02
-8.70000000,-0.89820000,8.319751341994e-02
-8.69000000,-0.88820000,8.620361309246e-02
-8.68000000,-0.87820000,8.975090345422e-02
-8.67000000,-0.86820000,9.389749078254e-02
-8.66000000,-0.85820000,9.869728493950e-02
-8.65000000,-0.84820000,1.041987689177e-01
-8.64000000,-0.83820000,1.104437973519e-01
-8.63000000,-0.82820000,1.174664472964e-01
-8.62000000,-0.81820000,1.252919446684e-01
-8.61000000,-0.80820000,1.339356894170e-01
-8.60000000,-0.79820000,1.434024016593e-01
-8.59000000,-0.78820000,1.536854097179e-01
-8.58000000,-0.77820000,1.647660991739e-01
-8.57000000,-0.76820000,1.766135397388e-01
-8.56000000,-0.75820000,1.891843039402e-01
-8.55000000,-0.74820000,2.024224883743e-01
-8.54000000,-0.73820000,2.162599446337e-01
-8.53000000,-0.72820000,2.306167230589e-01
-8.52000000,-0.71820000,2.454017282711e-01
-8.51000000,-0.70820000,2.605135811245e-01
-8.50000000,-0.69820000,2.758416773830e-01
-8.49000000,-0.68820000,2.912674291977e-01
-8.48000000,-0.67820000,3.066656714561e-01
-8.47000000,-0.66820000,3.219062114045e-01
-8.46000000,-0.65820000,3.368554967197e-01
-8.45000000,-0.64820000,3.513783745067e-01
-8.44000000,-0.63820000,3.653399116012e-01
-8.43000000,-0.62820000,3.786072451130e-01
-8.42000000,-0.61820000,3.910514313701e-01
-8.41000000,-0.60820000,4.025492613446e-01
-8.40000000,-0.59820000,4.129850112199e-01
-8.39000000,-0.58820000,4.222520979785e-01
-8.38000000,-0.57820000,4.302546116988e-01
-8.37000000,-0.56820000,4.369086985854e-01
-8.36000000,-0.55820000,4.421437715613e-01
-8.35000000,-0.54820000,4.459035284466e-01
-8.34000000,-0.53820000,4.481467612777e-01
-8.33000000,-0.52820000,4.488479440984e-01
-8.32000000,-0.51820000,4.479975905348e-01
-8.31000000,-0.50820000,4.456023765684e-01
-8.30000000,-0.49820000,4.416850280998e-01
-8.29000000,-0.48820000,4.362839770768e-01
-8.28000000,-0.47820000,4.294527940944e-01
-8.27000000,-0.46820000,4.212594093892e-01
-8.26000000,-0.45820000,4.117851379785e-01
-8.25000000,-0.44820000,4.011235282626e-01
-8.24000000,-0.43820000,3.893790566362e-01
-8.23000000,-0.42820000,3.766656934556e-01
-8.22000000,-0.41820000,3.631053679976e-01
-8.21000000,-0.40820000,3.488263617444e-01
-8.20000000,-0.39820000,3.339616603477e-01
-8.19000000,-0.38820000,3.186472949171e-01
-8.18000000,-0.37820000,3.030207027746e-01
-8.17000000,-0.36820000,2.872191365198e-01
-8.16000000,-0.35820000,2.713781481357e-01
-8.15000000,-0.34820000,2.556301719935e-01
-8.14000000,-0.33820000,2.401032270413e-01
-8.13000000,-0.32820000,2.249197542931e-01
-8.12000000,-0.31820000,2.101956011105e-01
-8.11000000,-0.30820000,1.960391588501e-01
-8.10000000,-0.29820000,1.825506554229e-01
-8.09000000,-0.28820000,1.698215993814e-01
-8.08000000,-0.27820000,1.579343675177e-01
-8.07000000,-0.26820000,1.469619238311e-01
-8.06000000,-0.25820000,1.369676542872e-01
-8.05000000,-0.24820000,1.280052992126e-01
-8.04000000,-0.23820000,1.201189635715e-01
-8.03000000,-0.22820000,1.133431848431e-01
-8.02000000,-0.21820000,1.077030388003e-01
-8.01000000,-0.20820000,1.032142651590e-01
-8.00000000,-0.19820000,9.988339776290e-02
-7.99000000,-0.18820000,9.770788756082e-02
-7.98000000,-0.17820000,9.667621095469e-02
-7.97000000,-0.16820000,9.676796093520e-02
-7.96000000,-0.15820000,9.795392352486e-02
-7.95000000,-0.14820000,1.001961471533e-01
-7.94000000,-0.13820000,1.034480174113e-01
-7.93000000,-0.12820000,1.076543538975e-01
-7.92000000,-0.11820000,1.127515493200e-01
-7.91000000,-0.10820000,1.186677734254e-01
-7.90000000,-0.09820000,1.253232655008e-01
-7.89000000,-0.08820000,1.326307390177e-01
-7.88000000,-0.07820000,1.404959203700e-01
-7.87000000,-0.06820000,1.488182406184e-01
-7.86000000,-0.05820000,1.574916947495e-01
-7.85000000,-0.04820000,1.664058773289e-01
-7.84000000,-0.03820000,1.754471967832e-01
-7.83000000,-0.02820000,1.845002631395e-01
-7.82000000,-0.01820000,1.934494361925e-01
-7.81000000,-0.00820000,2.021805131038e-01
-7.80000000,0.00180000,2.105825267090e-01
-7.79000000,0.01180000,2.185496186853e-01
-7.78000000,0.02180000,2.259829455500e-01
-7.77000000,0.03180000,2.327925705178e-01
-7.76000000,0.04180000,2.388992908140e-01
-7.75000000,0.05180000,2.442363483001e-01
-7.74000000,0.06180000,2.487509713533e-01
-7.73000000,0.07180000,2.524056978971e-01
-7.72000000,0.08180000,2.551794332679e-01
-7.71000000,0.09180000,2.570682021193e-01
-7.70000000,0.10180000,2.580855606296e-01
-7.69000000,0.11180000,2.582626436411e-01
-7.68000000,0.12180000,2.576478307382e-01
-7.67000000,0.13180000,2.563060253345e-01
-7.66000000,0.14180000,2.543175512378e-01
-7.65000000,0.15180000,2.517766815630e-01
-7.64000000,0.16180000,2.487898249128e-01
-7.63000000,0.17180000,2.454734031459e-01
-7.62000000,0.18180000,2.419514635357e-01
-7.61000000,0.19180000,2.383530754410e-01
-7.60000000,0.20180000,2.348095676124e-01
-7.59000000,0.21180000,2.314516668012e-01
-7.58000000,0.22180000,2.284066013508e-01
-7.57000000,0.23180000,2.257952349113e-01
-7.56000000,0.24180000,2.237292953337e-01
-7.55000000,0.25180000,2.223087622150e-01
-7.54000000,0.26180000,2.216194735656e-01
-7.53000000,0.27180000,2.217310077289e-01
-7.52000000,0.28180000,2.226948911281e-01
-7.51000000,0.29180000,2.245431757478e-01
-7.50000000,0.30180000,2.272874226036e-01
-7.49000000,0.31180000,2.309181189567e-01
-7.48000000,0.32180000,2.354045478031e-01
-7.47000000,0.33180000,2.406951183872e-01
-7.46000000,0.34180000,2.467181562957e-01
-7.45000000,0.35180000,2.533831412750e-01
-7.44000000,0.36180000,2.605823704760e-01
-7.43000000,0.37180000,2.681930145897e-01
-7.42000000,0.38180000,2.760795245328e-01
-7.41000000,0.39180000,2.840963372398e-01
-7.40000000,0.40180000,2.920908209786e-01
-7.39000000,0.41180000,2.999063937093e-01
-7.38000000,0.42180000,3.073857426081e-01
-7.37000000,0.43180000,3.143740692219e-01
-7.36000000,0.44180000,3.207222830071e-01
-7.35000000,0.45180000,3.262900663908e-01
-7.34000000,0.46180000,3.309487370644e-01
-7.33000000,0.47180000,3.345838379870e-01
-7.32000000,0.48180000,3.370973924832e-01
-7.31000000,0.49180000,3.384097706960e-01
-7.30000000,0.50180000,3.384611242799e-01
-7.29000000,0.51180000,3.372123582579e-01
-7.28000000,0.52180000,3.346456220443e-01
-7.27000000,0.53180000,3.307643153023e-01
-7.26000000,0.54180000,3.255926180960e-01
-7.25000000,0.55180000,3.191745682044e-01
-7.24000000,0.56180000,3.115727210315e-01
-7.23000000,0.57180000,3.028664387904e-01
-7.22000000,0.58180000,2.931498651948e-01
-7.21000000,0.59180000,2.825296493994e-01
-7.20000000,0.60180000,2.711224881777e-01
-7.19000000,0.61180000,2.590525581419e-01
-7.18000000,0.62180000,2.464489101776e-01
-7.17000000,0.63180000,2.334428962219e-01
-7.16000000,0.64180000,2.201656942329e-01
-7.15000000,0.65180000,2.067459909173e-01
-7.14000000,0.66180000,1.933078738132e-01
-7.13000000,0.67180000,1.799689750511e-01
-7.12000000,0.68180000,1.668388989321e-01
-7.11000000,0.69180000,1.540179547999e-01
-7.10000000,0.70180000,1.415962059556e-01
-7.09000000,0.71180000,1.296528349697e-01
-7.08000000,0.72180000,1.182558160383e-01
-7.07000000,0.73180000,1.074618763099e-01
-7.06000000,0.74180000,9.731672062703e-02
-7.05000000,0.75180000,8.785548804089e-02
-7.04000000,0.76180000,7.910340388977e-02
-7.03000000,0.77180000,7.107658820729e-02
-7.02000000,0.78180000,6.378297972737e-02
-7.01000000,0.79180000,5.722333469895e-02
-7.00000000,0.80180000,5.139226099078e-02
-6.99000000,0.81180000,4.627925039812e-02
-6.98000000,0.82180000,4.186967547641e-02
-6.97000000,0.83180000,3.814572142764e-02
-6.96000000,0.84180000,3.508722835481e-02
-6.95000000,0.85180000,3.267242438409e-02
-6.94000000,0.86180000,3.087853555014e-02
-6.93000000,0.87180000,2.968226378030e-02
-6.92000000,0.88180000,2.906012964772e-02
-6.91000000,0.89180000,2.898868166401e-02
-6.90000000,0.90180000,2.944457863714e-02
-6.89000000,0.91180000,3.040455593910e-02
-6.88000000,0.92180000,3.184529033518e-02
-6.87000000,0.93180000,3.374318126094e-02
-6.86000000,0.94180000,3.607406904602e-02
-6.85000000,0.95180000,3.881291253748e-02
-6.84000000,0.96180000,4.193344984030e-02
-6.83000000,0.97180000,4.540786644953e-02
-6.82000000,0.98180000,4.920649488701e-02
-6.81000000,0.99180000,5.329756907461e-02
-6.80000000,1.00180000,5.764705508793e-02
-6.79000000,1.01180000,6.221857766397e-02
-6.78000000,1.02180000,6.697345892375e-02
-6.77000000,1.03180000,7.187088227385e-02
-6.76000000,1.04180000,7.686819044431e-02
-6.75000000,1.05180000,8.192132219729e-02
-6.74000000,1.06180000,8.698538751187e-02
-6.73000000,1.07180000,9.201537614140e-02
-6.72000000,1.08180000,9.696698948779e-02
-6.71000000,1.09180000,1.017975808899e-01
-6.70000000,1.10180000,1.064671848295e-01
-6.69000000,1.11180000,1.109396113650e-01
-6.68000000,1.12180000,1.151835784536e-01
-6.67000000,1.13180000,1.191738518389e-01
-6.66000000,1.14180000,1.228923599723e-01
-6.65000000,1.15180000,1.263292500947e-01
-6.64000000,1.16180000,1.294838511736e-01
-6.63000000,1.17180000,1.323655099179e-01
-6.62000000,1.18180000,1.349942675679e-01
-6.61000000,1.19180000,1.374013475540e-01
-6.60000000,1.20180000,1.396294273957e-01
-6.59000000,1.21180000,1.417326722733e-01
-6.58000000,1.22180000,1.437765124785e-01
-6.57000000,1.23180000,1.458371523052e-01
-6.56000000,1.24180000,1.480008037757e-01
-6.55000000,1.25180000,1.503626447697e-01
-6.54000000,1.26180000,1.530255075177e-01
-6.53000000,1.27180000,1.560983098946e-01
-6.52000000,1.28180000,1.596942483934e-01
-6.51000000,1.29180000,1.639287779277e-01
-6.50000000,1.30180000,1.689174096038e-01
-6.49000000,1.31180000,1.747733631847e-01
-6.48000000,1.32180000,1.816051160234e-01
-6.47000000,1.33180000,1.895138946603e-01
-6.46000000,1.34180000,1.985911589261e-01
-6.45000000,1.35180000,2.089161311652e-01
-6.44000000,1.36180000,2.205534249636e-01
-6.43000000,1.37180000,2.335508284362e-01
-6.42000000,1.38180000,2.479372965840e-01
-6.41000000,1.39180000,2.637212054049e-01
-6.40000000,1.40180000,2.808889172607e-01
-6.39000000,1.41180000,2.994037024438e-01
-6.38000000,1.42180000,3.192050559609e-01
-6.37000000,1.43180000,3.402084413037e-01
-6.36000000,1.44180000,3.623054845172e-01
-6.35000000,1.45180000,3.853646323640e-01
-6.34000000,1.46180000,4.092322780120e-01
-6.33000000,1.47180000,4.337343467211e-01
-6.32000000,1.48180000,4.586783227550e-01
-6.31000000,1.49180000,4.838556875470e-01
-6.30000000,1.50180000,5.090447283491e-01
-6.29000000,1.51180000,5.340136665659e-01
-6.28000000,1.52180000,5.585240460599e-01
-6.27000000,1.53180000,5.823343142569e-01
-6.26000000,1.54180000,6.052035231407e-01
-6.25000000,1.55180000,6.268950734564e-01
-6.24000000,1.56180000,6.471804237727e-01
-6.23000000,1.57180000,6.658426865832e-01
-6.22000000,1.58180000,6.826800363312e-01
-6.21000000,1.59180000,6.975088590439e-01
-6.20000000,1.60180000,7.101665799797e-01
-6.19000000,1.61180000,7.205141140895e-01
-6.18000000,1.62180000,7.284378938717e-01
-6.17000000,1.63180000,7.338514400017e-01
-6.16000000,1.64180000,7.366964515883e-01
-6.15000000,1.65180000,7.369434046477e-01
-6.14000000,1.66180000,7.345916590317e-01
-6.13000000,1.67180000,7.296690852372e-01
-6.12000000,1.68180000,7.222312329520e-01
-6.11000000,1.69180000,7.123600725855e-01
-6.10000000,1.70180000,7.001623491752e-01
-6.09000000,1.71180000,6.857675948087e-01
-6.08000000,1.72180000,6.693258509417e-01
-6.07000000,1.73180000,6.510051557013e-01
-6.06000000,1.74180000,6.309888534378e-01
-6.05000000,1.75180000,6.094727844883e-01
-6.04000000,1.76180000,5.866624124224e-01
-6.03000000,1.77180000,5.627699440779e-01
-6.02000000,1.78180000,5.380114945860e-01
-6.01000000,1.79180000,5.126043454872e-01
-6.00000000,1.80180000,4.867643390984e-01
-5.99000000,1.81180000,4.607034466621e-01
-5.98000000,1.82180000,4.346275416516e-01
-5.97000000,1.83180000,4.087344030701e-01
-5.96000000,1.84180000,3.832119668213e-01
-5.95000000,1.85180000,3.582368363959e-01
-5.94000000,1.86180000,3.339730573655e-01
-5.93000000,1.87180000,3.105711536487e-01
-5.92000000,1.88180000,2.881674173692e-01
-5.91000000,1.89180000,2.668834385070e-01
-5.90000000,1.90180000,2.468258555943e-01
-5.89000000,1.91180000,2.280863045606e-01
-5.88000000,1.92180000,2.107415396074e-01
-5.87000000,1.93180000,1.948536977901e-01
-5.86000000,1.94180000,1.804706778767e-01
-5.85000000,1.95180000,1.676266040811e-01
-5.84000000,1.96180000,1.563423464406e-01
-5.83000000,1.97180000,1.466260718775e-01
-5.82000000,1.98180000,1.384738032851e-01
-5.81000000,1.99180000,1.318699681664e-01
-5.80000000,2.00180000,1.267879232745e-01
-5.79000000,2.01180000,1.231904471456e-01
-5.78000000,2.02180000,1.210301981305e-01
-5.77000000,2.03180000,1.202501412720e-01
-5.76000000,2.04180000,1.207839528545e-01
-5.75000000,2.05180000,1.225564164014e-01
-5.74000000,2.06180000,1.254838280541e-01
-5.73000000,2.07180000,1.294744323984e-01
-5.72000000,2.08180000,1.344289117111e-01
-5.71000000,2.09180000,1.402409521477e-01
-5.70000000,2.10180000,1.467979094869e-01
-5.69000000,2.11180000,1.539815946784e-01
-5.68000000,2.12180000,1.616691956650e-01
-5.67000000,2.13180000,1.697343468840e-01
-5.66000000,2.14180000,1.780483516989e-01
-5.65000000,2.15180000,1.864815560193e-01
-5.64000000,2.16180000,1.949048638351e-01
-5.63000000,2.17180000,2.031913776647e-01
-5.62000000,2.18180000,2.112181393463e-01
-5.61000000,2.19180000,2.188679395581e-01
-5.60000000,2.20180000,2.260311582746e-01
-5.59000000,2.21180000,2.326075933678e-01
-5.58000000,2.22180000,2.385082310156e-01
-5.57000000,2.23180000,2.436569096735e-01
-5.56000000,2.24180000,2.479918292439e-01
-5.55000000,2.25180000,2.514668587777e-01
-5.54000000,2.26180000,2.540525995337e-01
-5.53000000,2.27180000,2.557371653971e-01
-5.52000000,2.28180000,2.565266493117e-01
-5.51000000,2.29180000,2.564452522766e-01
-5.50000000,2.30180000,2.555350602766e-01
-5.49000000,2.31180000,2.538554639227e-01
-5.48000000,2.32180000,2.514822252106e-01
-5.47000000,2.33180000,2.485062053073e-01
-5.46000000,2.34180000,2.450317762934e-01
-5.45000000,2.35180000,2.411749480277e-01
-5.44000000,2.36180000,2.370612484798e-01
-5.43000000,2.37180000,2.328234017979e-01
-5.42000000,2.38180000,2.285988528946e-01
-5.41000000,2.39180000,2.245271903578e-01
-5.40000000,2.40180000,2.207475210185e-01
-5.39000000,2.41180000,2.173958495684e-01
-5.38000000,2.42180000,2.146025153182e-01
-5.37000000,2.43180000,2.124897356576e-01
-5.36000000,2.44180000,2.111693021939e-01
-5.35000000,2.45180000,2.107404710927e-01
-5.34000000,2.46180000,2.112880840204e-01
-5.33000000,2.47180000,2.128809504939e-01
-5.32000000,2.48180000,2.155705165526e-01
-5.31000000,2.49180000,2.193898386561e-01
-5.30000000,2.50180000,2.243528757124e-01
-5.29000000,2.51180000,2.304541062809e-01
-5.28000000,2.52180000,2.376684723514e-01
-5.27000000,2.53180000,2.459516457549e-01
-5.26000000,2.54180000,2.552406082493e-01
-5.25000000,2.55180000,2.654545316789e-01
-5.24000000,2.56180000,2.764959403418e-01
-5.23000000,2.57180000,2.882521338322e-01
-5.22000000,2.58180000,3.005968451514e-01
-5.21000000,2.59180000,3.133921058119e-01
-5.20000000,2.60180000,3.264902870055e-01
-5.19000000,2.61180000,3.397362836723e-01
-5.18000000,2.62180000,3.529698065167e-01
-5.17000000,2.63180000,3.660277456832e-01
-5.16000000,2.64180000,3.787465689525e-01
-5.15000000,2.65180000,3.909647169679e-01
-5.14000000,2.66180000,4.025249581744e-01
-5.13000000,2.67180000,4.132766668588e-01
-5.12000000,2.68180000,4.230779889321e-01
-5.11000000,2.69180000,4.317978618954e-01
-5.10000000,2.70180000,4.393178577654e-01
-5.09000000,2.71180000,4.455338205935e-01
-5.08000000,2.72180000,4.503572735551e-01
-5.07000000,2.73180000,4.537165743869e-01
-5.06000000,2.74180000,4.555578021420e-01
-5.05000000,2.75180000,4.558453627728e-01
-5.04000000,2.76180000,4.545623058581e-01
-5.03000000,2.77180000,4.517103497899e-01
-5.02000000,2.78180000,4.473096178419e-01
-5.01000000,2.79180000,4.413980926565e-01
-5.00000000,2.80180000,4.340308017183e-01
-4.99000000,2.81180000,4.252787512224e-01
-4.98000000,2.82180000,4.152276302837e-01
-4.97000000,2.83180000,4.039763115810e-01
-4.96000000,2.84180000,3.916351781599e-01
-4.95000000,2.85180000,3.783243091577e-01
-4.94000000,2.86180000,3.641715595633e-01
-4.93000000,2.87180000,3.493105707166e-01
-4.92000000,2.88180000,3.338787490306e-01
-4.91000000,2.89180000,3.180152503558e-01
-4.90000000,2.90180000,3.018590064840e-01
-4.89000000,2.91180000,2.855468285340e-01
-4.88000000,2.92180000,2.692116194108e-01
-4.87000000,2.93180000,2.529807242620e-01
-4.86000000,2.94180000,2.369744439569e-01
-4.85000000,2.95180000,2.213047322170e-01
-4.84000000,2.96180000,2.060740922542e-01
-4.83000000,2.97180000,1.913746837842e-01
-4.82000000,2.98180000,1.772876462273e-01
-4.81000000,2.99180000,1.638826389434e-01
-4.80000000,3.00180000,1.512175946197e-01
-4.79000000,3.01180000,1.393386775748e-01
-4.78000000,3.02180000,1.282804348720e-01
-4.77000000,3.03180000,1.180661248451e-01
-4.76000000,3.04180000,1.087082049931e-01
-4.75000000,3.05180000,1.002089592336e-01
-4.74000000,3.06180000,9.256124322577e-02
-4.73000000,3.07180000,8.574932587115e-02
-4.72000000,3.08180000,7.974980511598e-02
-4.71000000,3.09180000,7.453257677159e-02
-4.70000000,3.10180000,7.006183614147e-02
-4.69000000,3.11180000,6.629709372104e-02
-4.68000000,3.12180000,6.319418801910e-02
-4.67000000,3.13180000,6.070628054773e-02
-4.66000000,3.14180000,5.878482015029e-02
-4.65000000,3.15180000,5.738046600424e-02
-4.64000000,3.16180000,5.644396077409e-02
-4.63000000,3.17180000,5.592694743983e-02
-4.62000000,3.18180000,5.578272523798e-02
-4.61000000,3.19180000,5.596694188727e-02
-4.60000000,3.20180000,5.643822080000e-02
-4.59000000,3.21180000,5.715872328144e-02
-4.58000000,3.22180000,5.809464677801e-02
-4.57000000,3.23180000,5.921666103951e-02
-4.56000000,3.24180000,6.050028460216e-02
-4.55000000,3.25180000,6.192620427355e-02
-4.54000000,3.26180000,6.348054030275e-02
-4.53000000,3.27180000,6.515505965014e-02
-4.52000000,3.28180000,6.694733923686e-02
-4.51000000,3.29180000,6.886088026457e-02
-4.50000000,3.30180000,7.090517367534e-02
-4.49000000,3.31180000,7.309571560131e-02
-4.48000000,3.32180000,7.545397028321e-02
-4.47000000,3.33180000,7.800727647825e-02
-4.46000000,3.34180000,8.078869191091e-02
-4.45000000,3.35180000,8.383676893929e-02
-4.44000000,3.36180000,8.719525342108e-02
-4.43000000,3.37180000,9.091269788356e-02
-4.42000000,3.38180000,9.504197964963e-02
-4.41000000,3.39180000,9.963971466231e-02
-4.40000000,3.40180000,1.047655584881e-01
-4.39000000,3.41180000,1.104813874484e-01
-4.38000000,3.42180000,1.168503550857e-01
-4.37000000,3.43180000,1.239358222362e-01
-4.36000000,3.44180000,1.318001628293e-01
-4.35000000,3.45180000,1.405034521043e-01
-4.34000000,3.46180000,1.501020490934e-01
-4.33000000,3.47180000,1.606470908091e-01
-4.32000000,3.48180000,1.721829213802e-01
-4.31000000,3.49180000,1.847454851329e-01
-4.30000000,3.50180000,1.983607180574e-01
-4.29000000,3.51180000,2.130429769103e-01
-4.28000000,3.52180000,2.287935490973e-01
-4.27000000,3.53180000,2.455992891710e-01
-4.26000000,3.54180000,2.634314290081e-01
-4.25000000,3.55180000,2.822446083102e-01
-4.24000000,3.56180000,3.019761698464e-01
-4.23000000,3.57180000,3.225457597865e-01
-4.22000000,3.58180000,3.438552675599e-01
-4.21000000,3.59180000,3.657891320544e-01
-4.20000000,3.60180000,3.882150318283e-01
-4.19000000,3.61180000,4.109849666433e-01
-4.18000000,3.62180000,4.339367263968e-01
-4.17000000,3.63180000,4.568957318539e-01
-4.16000000,3.64180000,4.796772199092e-01
-4.15000000,3.65180000,5.020887349299e-01
-4.14000000,3.66180000,5.239328774920e-01
-4.13000000,3.67180000,5.450102529807e-01
-4.12000000,3.68180000,5.651225554372e-01
-4.11000000,3.69180000,5.840757170305e-01
-4.10000000,3.70180000,6.016830508091e-01
-4.09000000,3.71180000,6.177683140684e-01
-4.08000000,3.72180000,6.321686217546e-01
-4.07000000,3.73180000,6.447371437162e-01
-4.06000000,3.74180000,6.553455261007e-01
-4.05000000,3.75180000,6.638859854839e-01
-4.04000000,3.76180000,6.702730340491e-01
-4.03000000,3.77180000,6.744448048707e-01
-4.02000000,3.78180000,6.763639576706e-01
-4.01000000,3.79180000,6.760181568248e-01
-4.00000000,3.80180000,6.734201244867e-01
-3.99000000,3.81180000,6.686072820453e-01
-3.98000000,3.82180000,6.616410024098e-01
-3.97000000,3.83180000,6.526055035420e-01
-3.96000000,3.84180000,6.416064200402e-01
-3.95000000,3.85180000,6.287690943101e-01
-3.94000000,3.86180000,6.142366319178e-01
-3.93000000,3.87180000,5.981677671546e-01
-3.92000000,3.88180000,5.807345847854e-01
-3.91000000,3.89180000,5.621201425740e-01
-3.90000000,3.90180000,5.425160367116e-01
-3.89000000,3.91180000,5.221199489597e-01
-3.88000000,3.92180000,5.011332104290e-01
-3.87000000,3.93180000,4.797584126946e-01
-3.86000000,3.94180000,4.581970926517e-01
-3.85000000,3.95180000,4.366475133454e-01
-3.84000000,3.96180000,4.153025591500e-01
-3.83000000,3.97180000,3.943477602621e-01
-3.82000000,3.98180000,3.739594585970e-01
-3.81000000,3.99180000,3.543031248927e-01
-3.80000000,4.00180000,3.355318351332e-01
-3.79000000,4.01180000,3.177849132659e-01
-3.78000000,4.02180000,3.011867465452e-01
-3.77000000,4.03180000,2.858457795770e-01
-3.76000000,4.04180000,2.718536931605e-01
-3.75000000,4.05180000,2.592847741742e-01
-3.74000000,4.06180000,2.481954829014e-01
-3.73000000,4.07180000,2.386242241814e-01
-3.72000000,4.08180000,2.305913284722e-01
-3.71000000,4.09180000,2.240992481950e-01
-3.70000000,4.10180000,2.191329734803e-01
-3.69000000,4.11180000,2.156606695932e-01
-3.68000000,4.12180000,2.136345358091e-01
-3.67000000,4.13180000,2.129918823512e-01
-3.66000000,4.14180000,2.136564182040e-01
-3.65000000,4.15180000,2.155397382740e-01
-3.64000000,4.16180000,2.185429935810e-01
-3.63000000,4.17180000,2.225587231124e-01
-3.62000000,4.18180000,2.274728208459e-01
-3.61000000,4.19180000,2.331666064774e-01
-3.60000000,4.20180000,2.395189638389e-01
-3.59000000,4.21180000,2.464085071068e-01
-3.58000000,4.22180000,2.537157319500e-01
-3.57000000,4.23180000,2.613251069803e-01
-3.56000000,4.24180000,2.691270604401e-01
-3.55000000,4.25180000,2.770198181523e-01
-3.54000000,4.26180000,2.849110514324e-01
-3.53000000,4.27180000,2.927192979384e-01
-3.52000000,4.28180000,3.003751242260e-01
-3.51000000,4.29180000,3.078220059229e-01
-3.50000000,4.30180000,3.150169096824e-01
-3.49000000,4.31180000,3.219305701077e-01
-3.48000000,4.32180000,3.285474642541e-01
-3.47000000,4.33180000,3.348654957023e-01
-3.46000000,4.34180000,3.408954090833e-01
-3.45000000,4.35180000,3.466599638908e-01
-3.44000000,4.36180000,3.521929030155e-01
-3.43000000,4.37180000,3.575377563235e-01
-3.42000000,4.38180000,3.627465225015e-01
-3.41000000,4.39180000,3.678782731361e-01
-3.40000000,4.40180000,3.729977215275e-01
-3.39000000,4.41180000,3.781737951473e-01
-3.38000000,4.42180000,3.834782451276e-01
-3.37000000,4.43180000,3.889843190639e-01
-3.36000000,4.44180000,3.947655151547e-01
-3.35000000,4.45180000,4.008944268095e-01
-3.34000000,4.46180000,4.074416779271e-01
-3.33000000,4.47180000,4.144749406670e-01
-3.32000000,4.48180000,4.220580203004e-01
-3.31000000,4.49180000,4.302499861714e-01
-3.30000000,4.50180000,4.391043243615e-01
-3.29000000,4.51180000,4.486680866555e-01
-3.28000000,4.52180000,4.589810120326e-01
-3.27000000,4.53180000,4.700746011590e-01
-3.26000000,4.54180000,4.819711310756e-01
-3.25000000,4.55180000,4.946826061218e-01
-3.24000000,4.56180000,5.082096516300e-01
-3.23000000,4.57180000,5.225403684315e-01
-3.22000000,4.58180000,5.376491780240e-01
-3.21000000,4.59180000,5.534956995687e-01
-3.20000000,4.60180000,5.700237099296e-01
-3.19000000,4.61180000,5.871602459708e-01
-3.18000000,4.62180000,6.048149136103e-01
-3.17000000,4.63180000,6.228794701542e-01
-3.16000000,4.64180000,6.412277447977e-01
-3.15000000,4.65180000,6.597159567088e-01
-3.14000000,4.66180000,6.781834808099e-01
-3.13000000,4.67180000,6.964540985009e-01
-3.12000000,4.68180000,7.143377545598e-01
-3.11000000,4.69180000,7.316328229767e-01
-3.10000000,4.70180000,7.481288643238e-01
-3.09000000,4.71180000,7.636098363743e-01
-3.08000000,4.72180000,7.778576990581e-01
-3.07000000,4.73180000,7.906563355105e-01
-3.06000000,4.74180000,8.017956939160e-01
-3.05000000,4.75180000,8.110760409689e-01
-3.04000000,4.76180000,8.183122078318e-01
-3.03000000,4.77180000,8.233377040359e-01
-3.02000000,4.78180000,8.260085742087e-01
-3.01000000,4.79180000,8.262068769529e-01
-3.00000000,4.80180000,8.238436745298e-01
-2.99000000,4.81180000,8.188614358684e-01
-2.98000000,4.82180000,8.112357732662e-01
-2.97000000,4.83180000,8.009764542148e-01
-2.96000000,4.84180000,7.881276531769e-01
-2.95000000,4.85180000,7.727674328626e-01
-2.94000000,4.86180000,7.550064695533e-01
-2.93000000,4.87180000,7.349860612610e-01
-2.92000000,4.88180000,7.128754800005e-01
-2.91000000,4.89180000,6.888687493049e-01
-2.90000000,4.90180000,6.631809445901e-01
-2.89000000,4.91180000,6.360441264957e-01
-2.88000000,4.92180000,6.077030255269e-01
-2.87000000,4.93180000,5.784106000115e-01
-2.86000000,4.94180000,5.484235886065e-01
-2.85000000,4.95180000,5.179981735593e-01
-2.84000000,4.96180000,4.873858620339e-01
-2.83000000,4.97180000,4.568296806088e-01
-2.82000000,4.98180000,4.265607631707e-01
-2.81000000,4.99180000,3.967953956094e-01
-2.80000000,5.00180000,3.677325627105e-01
-2.79000000,5.01180000,3.395520242220e-01
-2.78000000,5.02180000,3.124129289527e-01
-2.77000000,5.03180000,2.864529586239e-01
-2.76000000,5.04180000,2.617879776060e-01
-2.75000000,5.05180000,2.385121511092e-01
-2.74000000,5.06180000,2.166984832094e-01
-2.73000000,5.07180000,1.963997175117e-01
-2.72000000,5.08180000,1.776495373903e-01
-2.71000000,5.09180000,1.604639995903e-01
-2.70000000,5.10180000,1.448431344219e-01
-2.69000000,5.11180000,1.307726476241e-01
-2.68000000,5.12180000,1.182256629427e-01
-2.67000000,5.13180000,1.071644502339e-01
-2.66000000,5.14180000,9.754209110241e-02
-2.65000000,5.15180000,8.930404232028e-02
-2.64000000,5.16180000,8.238956617448e-02
-2.63000000,5.17180000,7.673300606042e-02
-2.62000000,5.18180000,7.226489473885e-02
-2.61000000,5.19180000,6.891289136865e-02
-2.60000000,5.20180000,6.660255144293e-02
-2.59000000,5.21180000,6.525794085132e-02
-2.58000000,5.22180000,6.480211127999e-02
-2.57000000,5.23180000,6.515745890530e-02
-2.56000000,5.24180000,6.624599175032e-02
-2.55000000,5.25180000,6.798953311767e-02
-2.54000000,5.26180000,7.030988919787e-02
-2.53000000,5.27180000,7.312900833223e-02
-2.52000000,5.28180000,7.636915757883e-02
-2.51000000,5.29180000,7.995313931896e-02
-2.50000000,5.30180000,8.380456680997e-02
-2.49000000,5.31180000,8.784821302648e-02
-2.48000000,5.32180000,9.201044203845e-02
-2.47000000,5.33180000,9.621972676965e-02
-2.46000000,5.34180000,1.004072514846e-01
-2.45000000,5.35180000,1.045075919844e-01
-2.44000000,5.36180000,1.084594614612e-01
-2.43000000,5.37180000,1.122065054560e-01
-2.42000000,5.38180000,1.156981255543e-01
-2.41000000,5.39180000,1.188903084676e-01
-2.40000000,5.40180000,1.217464350969e-01
-2.39000000,5.41180000,1.242380431047e-01
-2.38000000,5.42180000,1.263455164666e-01
-2.37000000,5.43180000,1.280586764049e-01
-2.36000000,5.44180000,1.293772499723e-01
-2.35000000,5.45180000,1.303111952526e-01
-2.34000000,5.46180000,1.308808655616e-01
-2.33000000,5.47180000,1.311169990160e-01
-2.32000000,5.48180000,1.310605242267e-01
-2.31000000,5.49180000,1.307621775065e-01
-2.30000000,5.50180000,1.302819316799e-01
-2.29000000,5.51180000,1.296882412046e-01
-2.28000000,5.52180000,1.290571126954e-01
-2.27000000,5.53180000,1.284710139846e-01
-2.26000000,5.54180000,1.280176384407e-01
-2.25000000,5.55180000,1.277885443453e-01
-2.24000000,5.56180000,1.278776916441e-01
-2.23000000,5.57180000,1.283799003325e-01
-2.22000000,5.58180000,1.293892561085e-01
-2.21000000,5.59180000,1.309974897565e-01
-2.20000000,5.60180000,1.332923570466e-01
-2.19000000,5.61180000,1.363560457920e-01
-2.18000000,5.62180000,1.402636361541e-01
-2.17000000,5.63180000,1.450816393619e-01
-2.16000000,5.64180000,1.508666387639e-01
-2.15000000,5.65180000,1.576640555928e-01
-2.14000000,5.66180000,1.655070600152e-01
-2.13000000,5.67180000,1.744156459915e-01
-2.12000000,5.68180000,1.843958861789e-01
-2.11000000,5.69180000,1.954393806041e-01
-2.10000000,5.70180000,2.075229101011e-01
-2.09000000,5.71180000,2.206083025784e-01
-2.08000000,5.72180000,2.346425170648e-01
-2.07000000,5.73180000,2.495579472129e-01
-2.06000000,5.74180000,2.652729425535e-01
-2.05000000,5.75180000,2.816925423466e-01
-2.04000000,5.76180000,2.987094134281e-01
-2.03000000,5.77180000,3.162049800768e-01
-2.02000000,5.78180000,3.340507307031e-01
-2.01000000,5.79180000,3.521096831664e-01
-2.00000000,5.80180000,3.702379878448e-01
-1.99000000,5.81180000,3.882866452663e-01
-1.98000000,5.82180000,4.061033132380e-01
-1.97000000,5.83180000,4.235341770054e-01
-1.96000000,5.84180000,4.404258550736e-01
-1.95000000,5.85180000,4.566273129241e-01
-1.94000000,5.86180000,4.719917569564e-01
-1.93000000,5.87180000,4.863784815409e-01
-1.92000000,5.88180000,4.996546430485e-01
-1.91000000,5.89180000,5.116969360695e-01
-1.90000000,5.90180000,5.223931486949e-01
-1.89000000,5.91180000,5.316435756514e-01
-1.88000000,5.92180000,5.393622702075e-01
-1.87000000,5.93180000,5.454781180572e-01
-1.86000000,5.94180000,5.499357188100e-01
-1.85000000,5.95180000,5.526960632505e-01
-1.84000000,5.96180000,5.537369971637e-01
-1.83000000,5.97180000,5.530534652570e-01
-1.82000000,5.98180000,5.506575315458e-01
-1.81000000,5.99180000,5.465781755075e-01
-1.80000000,6.00180000,5.408608663564e-01
-1.79000000,6.01180000,5.335669209277e-01
-1.78000000,6.02180000,5.247726538670e-01
-1.77000000,6.03180000,5.145683320652e-01
-1.76000000,6.04180000,5.030569484895e-01
-1.75000000,6.05180000,4.903528336842e-01
-1.74000000,6.06180000,4.765801261440e-01
-1.73000000,6.07180000,4.618711254197e-01
-1.72000000,6.08180000,4.463645540785e-01
-1.71000000,6.09180000,4.302037564355e-01
-1.70000000,6.10180000,4.135348631825e-01
-1.69000000,6.11180000,3.965049516212e-01
-1.68000000,6.12180000,3.792602310869e-01
-1.67000000,6.13180000,3.619442823310e-01
-1.66000000,6.14180000,3.446963781093e-01
-1.65000000,6.15180000,3.276499100614e-01
-1.64000000,6.16180000,3.109309442324e-01
-1.63000000,6.17180000,2.946569243970e-01
-1.62000000,6.18180000,2.789355388221e-01
-1.61000000,6.19180000,2.638637623919e-01
-1.60000000,6.20180000,2.495270822740e-01
-1.59000000,6.21180000,2.359989116604e-01
-1.58000000,6.22180000,2.233401927140e-01
-1.57000000,6.23180000,2.115991867944e-01
-1.56000000,6.24180000,2.008114474072e-01
-1.55000000,6.25180000,1.909999691601e-01
-1.54000000,6.26180000,1.821755043394e-01
-1.53000000,6.27180000,1.743370375000e-01
-1.52000000,6.28180000,1.674724076530e-01
-1.51000000,6.29180000,1.615590671329e-01
-1.50000000,6.30180000,1.565649659517e-01
-1.49000000,6.31180000,1.524495502682e-01
-1.48000000,6.32180000,1.491648634178e-01
-1.47000000,6.33180000,1.466567376574e-01
-1.46000000,6.34180000,1.448660642932e-01
-1.45000000,6.35180000,1.437301291258e-01
-1.44000000,6.36180000,1.431839991384e-01
-1.43000000,6.37180000,1.431619450800e-01
-1.42000000,6.38180000,1.435988830986e-01
-1.41000000,6.39180000,1.444318169385e-01
-1.40000000,6.40180000,1.456012605311e-01
-1.39000000,6.41180000,1.470526192072e-01
-1.38000000,6.42180000,1.487375063682e-01
-1.37000000,6.43180000,1.506149714219e-01
-1.36000000,6.44180000,1.526526142341e-01
-1.35000000,6.45180000,1.548275613865e-01
-1.34000000,6.46180000,1.571272802500e-01
-1.33000000,6.47180000,1.595502083364e-01
-1.32000000,6.48180000,1.621061775947e-01
-1.31000000,6.49180000,1.648166162589e-01
-1.30000000,6.50180000,1.677145144708e-01
-1.29000000,6.51180000,1.708441441092e-01
-1.28000000,6.52180000,1.742605279397e-01
-1.27000000,6.53180000,1.780286582175e-01
-1.26000000,6.54180000,1.822224700810e-01
-1.25000000,6.55180000,1.869235803146e-01
-1.24000000,6.56180000,1.922198071817e-01
-1.23000000,6.57180000,1.982034918988e-01
-1.22000000,6.58180000,2.049696468171e-01
-1.21000000,6.59180000,2.126139594005e-01
-1.20000000,6.60180000,2.212306845664e-01
-1.19000000,6.61180000,2.309104608349e-01
-1.18000000,6.62180000,2.417380879870e-01
-1.17000000,6.63180000,2.537903055522e-01
-1.16000000,6.64180000,2.671336124356e-01
-1.15000000,6.65180000,2.818221683635e-01
-1.14000000,6.66180000,2.978958175914e-01
-1.13000000,6.67180000,3.153782744872e-01
-1.12000000,6.68180000,3.342755091864e-01
-1.11000000,6.69180000,3.545743695020e-01
-1.10000000,6.70180000,3.762414726617e-01
-1.09000000,6.71180000,3.992223972035e-01
-1.08000000,6.72180000,4.234412014862e-01
-1.07000000,6.73180000,4.488002907277e-01
-1.06000000,6.74180000,4.751806492809e-01
-1.05000000,6.75180000,5.024424489889e-01
-1.04000000,6.76180000,5.304260379807e-01
-1.03000000,6.77180000,5.589533072300e-01
-1.02000000,6.78180000,5.878294247127e-01
-1.01000000,6.79180000,6.168449192086e-01
-1.00000000,6.80180000,6.457780878781e-01
-0.99000000,6.81180000,6.743976939163e-01
-0.98000000,6.82180000,7.024659131029e-01
-0.97000000,6.83180000,7.297414811679e-01
-0.96000000,6.84180000,7.559829878614e-01
-0.95000000,6.85180000,7.809522587025e-01
-0.94000000,6.86180000,8.044177618136e-01
-0.93000000,6.87180000,8.261579752294e-01
-0.92000000,6.88180000,8.459646497284e-01
-0.91000000,6.89180000,8.636459036649e-01
-0.90000000,6.90180000,8.790290894719e-01
-0.89000000,6.91180000,8.919633763992e-01
-0.88000000,6.92180000,9.023220005081e-01
-0.87000000,6.93180000,9.100041407395e-01
-0.86000000,6.94180000,9.149363887488e-01
-0.85000000,6.95180000,9.170737898278e-01
-0.84000000,6.96180000,9.164004422719e-01
-0.83000000,6.97180000,9.129296526321e-01
-0.82000000,6.98180000,9.067036540582e-01
-0.81000000,6.99180000,8.977929040687e-01
-0.80000000,7.00180000,8.862949862721e-01
-0.79000000,7.01180000,8.723331475812e-01
-0.78000000,7.02180000,8.560545081356e-01
-0.77000000,7.03180000,8.376279853700e-01
-0.76000000,7.04180000,8.172419764075e-01
-0.75000000,7.05180000,7.951018442661e-01
-0.74000000,7.06180000,7.714272533310e-01
-0.73000000,7.07180000,7.464493983341e-01
-0.72000000,7.08180000,7.204081688920e-01
-0.71000000,7.09180000,6.935492886997e-01
-0.70000000,7.10180000,6.661214650140e-01
-0.69000000,7.11180000,6.383735803109e-01
-0.68000000,7.12180000,6.105519541973e-01
-0.67000000,7.13180000,5.828976999907e-01
-0.66000000,7.14180000,5.556441970200e-01
-0.65000000,7.15180000,5.290146967597e-01
-0.64000000,7.16180000,5.032200784824e-01
-0.63000000,7.17180000,4.784567682165e-01
-0.62000000,7.18180000,4.549048334380e-01
-0.61000000,7.19180000,4.327262650500e-01
-0.60000000,7.20180000,4.120634577360e-01
-0.59000000,7.21180000,3.930378996104e-01
-0.58000000,7.22180000,3.757490821028e-01
-0.57000000,7.23180000,3.602736410783e-01
-0.56000000,7.24180000,3.466647401590e-01
-0.55000000,7.25180000,3.349517069579e-01
-0.54000000,7.26180000,3.251399323241e-01
-0.53000000,7.27180000,3.172110416303e-01
-0.52000000,7.28180000,3.111233455208e-01
-0.51000000,7.29180000,3.068125753147e-01
-0.50000000,7.30180000,3.041929054002e-01
-0.49000000,7.31180000,3.031582614573e-01
-0.48000000,7.32180000,3.035839092335e-01
-0.47000000,7.33180000,3.053283139535e-01
-0.46000000,7.34180000,3.082352553460e-01
-0.45000000,7.35180000,3.121361778653e-01
-0.44000000,7.36180000,3.168527501240e-01
-0.43000000,7.37180000,3.221996020110e-01
-0.42000000,7.38180000,3.279872026552e-01
-0.41000000,7.39180000,3.340248375063e-01
-0.40000000,7.40180000,3.401236385529e-01
-0.39000000,7.41180000,3.460996182893e-01
-0.38000000,7.42180000,3.517766556462e-01
-0.37000000,7.43180000,3.569893808889e-01
-0.36000000,7.44180000,3.615859065579e-01
-0.35000000,7.45180000,3.654303529706e-01
-0.34000000,7.46180000,3.684051196296e-01
-0.33000000,7.47180000,3.704128580625e-01
-0.32000000,7.48180000,3.713781070619e-01
-0.31000000,7.49180000,3.712485578520e-01
-0.30000000,7.50180000,3.699959241922e-01
-0.29000000,7.51180000,3.676164005909e-01
-0.28000000,7.52180000,3.641307003874e-01
-0.27000000,7.53180000,3.595836741709e-01
-0.26000000,7.54180000,3.540435175540e-01
-0.25000000,7.55180000,3.476005854239e-01
-0.24000000,7.56180000,3.403658372066e-01
-0.23000000,7.57180000,3.324689441729e-01
-0.22000000,7.58180000,3.240560952388e-01
-0.21000000,7.59180000,3.152875419495e-01
-0.20000000,7.60180000,3.063349263569e-01
-0.19000000,7.61180000,2.973784373195e-01
-0.18000000,7.62180000,2.886038414643e-01
-0.17000000,7.63180000,2.801994347896e-01
-0.16000000,7.64180000,2.723529598352e-01
-0.15000000,7.65180000,2.652485317164e-01
-0.14000000,7.66180000,2.590636143226e-01
-0.13000000,7.67180000,2.539660858389e-01
-0.12000000,7.68180000,2.501114306413e-01
-0.11000000,7.69180000,2.476400926907e-01
-0.10000000,7.70180000,2.466750239010e-01
-0.09000000,7.71180000,2.473194596030e-01
-0.08000000,7.72180000,2.496549521373e-01
-0.07000000,7.73180000,2.537396926682e-01
-0.06000000,7.74180000,2.596071503600e-01
-0.05000000,7.75180000,2.672650568675e-01
-0.04000000,7.76180000,2.766947624259e-01
-0.03000000,7.77180000,2.878509874209e-01
-0.02000000,7.78180000,3.006619899215e-01
-0.01000000,7.79180000,3.150301650719e-01
-0.00000000,7.80180000,3.308330862980e-01
0.01000000,7.81180000,3.479249909290e-01
0.02000000,7.82180000,3.661387040934e-01
0.03000000,7.83180000,3.852879847478e-01
0.04000000,7.84180000,4.051702666962e-01
0.05000000,7.85180000,4.255697558035e-01
0.06000000,7.86180000,4.462608327547e-01
0.07000000,7.87180000,4.670116991872e-01
0.08000000,7.88180000,4.875881944046e-01
0.09000000,7.89180000,5.077577007605e-01
0.10000000,7.90180000,5.272930487615e-01
0.11000000,7.91180000,5.459763284876e-01
0.12000000,7.92180000,5.636025125217e-01
0.13000000,7.93180000,5.799827974943e-01
0.14000000,7.94180000,5.949475767717e-01
0.15000000,7.95180000,6.083489657147e-01
0.16000000,7.96180000,6.200628131276e-01
0.17000000,7.97180000,6.299901476405e-01
0.18000000,7.98180000,6.380580252786e-01
0.19000000,7.99180000,6.442197637036e-01
0.20000000,8.00180000,6.484545687690e-01
0.21000000,8.01180000,6.507665792542e-01
0.22000000,8.02180000,6.511833750449e-01
0.23000000,8.03180000,6.497540117343e-01
0.24000000,8.04180000,6.465466598363e-01
0.25000000,8.05180000,6.416459388342e-01
0.26000000,8.06180000,6.351500445934e-01
0.27000000,8.07180000,6.271677728928e-01
0.28000000,8.08180000,6.178155418096e-01
0.29000000,8.09180000,6.072145114761e-01
0.30000000,8.10180000,5.954878915793e-01
0.31000000,8.11180000,5.827585153200e-01
0.32000000,8.12180000,5.691467440192e-01
0.33000000,8.13180000,5.547687498712e-01
0.34000000,8.14180000,5.397352063375e-01
0.35000000,8.15180000,5.241503972083e-01
0.36000000,8.16180000,5.081117372897e-01
0.37000000,8.17180000,4.917096808246e-01
0.38000000,8.18180000,4.750279788222e-01
0.39000000,8.19180000,4.581442340640e-01
0.40000000,8.20180000,4.411306930947e-01
0.41000000,8.21180000,4.240552082772e-01
0.42000000,8.22180000,4.069823000819e-01
0.43000000,8.23180000,3.899742501157e-01
0.44000000,8.24180000,3.730921587604e-01
0.45000000,8.25180000,3.563969073085e-01
0.46000000,8.26180000,3.399499727103e-01
0.47000000,8.27180000,3.238140529309e-01
0.48000000,8.28180000,3.080534718992e-01
0.49000000,8.29180000,2.927343445373e-01
0.50000000,8.30180000,2.779244938408e-01
0.51000000,8.31180000,2.636931229520e-01
0.52000000,8.32180000,2.501102552204e-01
0.53000000,8.33180000,2.372459640476e-01
0.54000000,8.34180000,2.251694216550e-01
0.55000000,8.35180000,2.139478016535e-01
0.56000000,8.36180000,2.036450744189e-01
0.57000000,8.37180000,1.943207368093e-01
0.58000000,8.38180000,1.860285188325e-01
0.59000000,8.39180000,1.788151096234e-01
0.60000000,8.40180000,1.727189437179e-01
0.61000000,8.41180000,1.677690862945e-01
0.62000000,8.42180000,1.639842529886e-01
0.63000000,8.43180000,1.613719962259e-01
0.64000000,8.44180000,1.599280859108e-01
0.65000000,8.45180000,1.596361078314e-01
0.66000000,8.46180000,1.604672983875e-01
0.67000000,8.47180000,1.623806292256e-01
0.68000000,8.48180000,1.653231501077e-01
0.69000000,8.49180000,1.692305928396e-01
0.70000000,8.50180000,1.740282333389e-01
0.71000000,8.51180000,1.796320029572e-01
0.72000000,8.52180000,1.859498340063e-01
0.73000000,8.53180000,1.928832181634e-01
0.74000000,8.54180000,2.003289501343e-01
0.75000000,8.55180000,2.081810228011e-01
0.76000000,8.56180000,2.163326342579e-01
0.77000000,8.57180000,2.246782618597e-01
0.78000000,8.58180000,2.331157539404e-01
0.79000000,8.59180000,2.415483864323e-01
0.80000000,8.60180000,2.498868295173e-01
0.81000000,8.61180000,2.580509688672e-01
0.82000000,8.62180000,2.659715271993e-01
0.83000000,8.63180000,2.735914348966e-01
0.84000000,8.64180000,2.808669034019e-01
0.85000000,8.65180000,2.877681619560e-01
0.86000000,8.66180000,2.942798269155e-01
0.87000000,8.67180000,3.004008831480e-01
0.88000000,8.68180000,3.061442685738e-01
0.89000000,8.69180000,3.115360654406e-01
0.90000000,8.70180000,3.166143149352e-01
0.91000000,8.71180000,3.214274847757e-01
0.92000000,8.72180000,3.260326319692e-01
0.93000000,8.73180000,3.304933144445e-01
0.94000000,8.74180000,3.348773152715e-01
0.95000000,8.75180000,3.392542511988e-01
0.96000000,8.76180000,3.436931428882e-01
0.97000000,8.77180000,3.482600271774e-01
0.98000000,8.78180000,3.530156917659e-01
0.99000000,8.79180000,3.580136097913e-01
1.00000000,8.80180000,3.632981458719e-01
1.01000000,8.81180000,3.689030964883e-01
1.02000000,8.82180000,3.748506163268e-01
1.03000000,8.83180000,3.811505687910e-01
1.04000000,8.84180000,3.878003237740e-01
1.05000000,8.85180000,3.947850095242e-01
1.06000000,8.86180000,4.020782086426e-01
1.07000000,8.87180000,4.096430715460e-01
1.08000000,8.88180000,4.174338047826e-01
1.09000000,8.89180000,4.253974769994e-01
1.10000000,8.90180000,4.334760727430e-01
1.11000000,8.91180000,4.416087141215e-01
1.12000000,8.92180000,4.497339631219e-01
1.13000000,8.93180000,4.577921133685e-01
1.14000000,8.94180000,4.657273795523e-01
1.15000000,8.95180000,4.734898957309e-01
1.16000000,8.96180000,4.810374401417e-01
1.17000000,8.97180000,4.883368139178e-01
1.18000000,8.98180000,4.953648138121e-01
1.19000000,8.99180000,5.021087543142e-01
1.20000000,9.00180000,5.085665118284e-01
1.21000000,9.01180000,5.147460822595e-01
1.22000000,9.02180000,5.206646627244e-01
1.23000000,9.03180000,5.263472874365e-01
1.24000000,9.04180000,5.318250663537e-01
1.25000000,9.05180000,5.371330921848e-01
1.26000000,9.06180000,5.423080961249e-01
1.27000000,9.07180000,5.473859446012e-01
1.28000000,9.08180000,5.523990778201e-01
1.29000000,9.09180000,5.573739956000e-01
1.30000000,9.10180000,5.623288965766e-01
1.31000000,9.11180000,5.672715732520e-01
1.32000000,9.12180000,5.721976575835e-01
1.33000000,9.13180000,5.770893000786e-01
1.34000000,9.14180000,5.819143500684e-01
1.35000000,9.15180000,5.866260865144e-01
1.36000000,9.16180000,5.911635280390e-01
1.37000000,9.17180000,5.954523286534e-01
1.38000000,9.18180000,5.994062427705e-01
1.39000000,9.19180000,6.029291204504e-01
1.40000000,9.20180000,6.059173723795e-01
1.41000000,9.21180000,6.082628247216e-01
1.42000000,9.22180000,6.098558675438e-01
1.43000000,9.23180000,6.105887877158e-01
1.44000000,9.24180000,6.103591685935e-01
1.45000000,9.25180000,6.090732348148e-01
1.46000000,9.26180000,6.066490213687e-01
1.47000000,9.27180000,6.030192517316e-01
1.48000000,9.28180000,5.981338201002e-01
1.49000000,9.29180000,5.919617871542e-01
1.50000000,9.30180000,5.844928167749e-01
1.51000000,9.31180000,5.757380019604e-01
1.52000000,9.32180000,5.657300509469e-01
1.53000000,9.33180000,5.545228283096e-01
1.54000000,9.34180000,5.421902695876e-01
1.55000000,9.35180000,5.288247107682e-01
1.56000000,9.36180000,5.145346948611e-01
1.57000000,9.37180000,4.994423359514e-01
1.58000000,9.38180000,4.836803358637e-01
1.59000000,9.39180000,4.673887593503e-01
1.60000000,9.40180000,4.507116802079e-01
1.61000000,9.41180000,4.337938127575e-01
1.62000000,9.42180000,4.167772407571e-01
1.63000000,9.43180000,3.997983492765e-01
1.64000000,9.44180000,3.829850547578e-01
1.65000000,9.45180000,3.664544149685e-01
1.66000000,9.46180000,3.503106844813e-01
1.67000000,9.47180000,3.346438634483e-01
1.68000000,9.48180000,3.195287685398e-01
1.69000000,9.49180000,3.050246358035e-01
1.70000000,9.50180000,2.911752466082e-01
1.71000000,9.51180000,2.780095504699e-01
1.72000000,9.52180000,2.655427430077e-01
1.73000000,9.53180000,2.537777440363e-01
1.74000000,9.54180000,2.427070102198e-01
1.75000000,9.55180000,2.323146090014e-01
1.76000000,9.56180000,2.225784757822e-01
1.77000000,9.57180000,2.134727744786e-01
1.78000000,9.58180000,2.049702824895e-01
1.79000000,9.59180000,1.970447244723e-01
1.80000000,9.60180000,1.896729848182e-01
1.81000000,9.61180000,1.828371359225e-01
1.82000000,9.62180000,1.765262278347e-01
1.83000000,9.63180000,1.707377942011e-01
1.84000000,9.64180000,1.654790391643e-01
1.85000000,9.65180000,1.607676796647e-01
1.86000000,9.66180000,1.566324270823e-01
1.87000000,9.67180000,1.531131010897e-01
1.88000000,9.68180000,1.502603767814e-01
1.89000000,9.69180000,1.481351734890e-01
1.90000000,9.70180000,1.468077001472e-01
1.91000000,9.71180000,1.463561776857e-01
1.92000000,9.72180000,1.468652637622e-01
1.93000000,9.73180000,1.484242093584e-01
1.94000000,9.74180000,1.511247804871e-01
1.95000000,9.75180000,1.550589816468e-01
1.96000000,9.76180000,1.603166208732e-01
1.97000000,9.77180000,1.669827593586e-01
1.98000000,9.78180000,1.751350917323e-01
1.99000000,9.79180000,1.848413061952e-01
2.00000000,9.80180000,1.961564767446e-01
2.01000000,9.81180000,2.091205425740e-01
2.02000000,9.82180000,2.237559322009e-01
2.03000000,9.83180000,2.400653917260e-01
2.04000000,9.84180000,2.580300775786e-01
2.05000000,9.85180000,2.776079738496e-01
2.06000000,9.86180000,2.987326925589e-01
2.07000000,9.87180000,3.213127116721e-01
2.08000000,9.88180000,3.452311001410e-01
2.09000000,9.89180000,3.703457715467e-01
2.10000000,9.90180000,3.964902980085e-01
2.11000000,9.91180000,4.234753039436e-01
2.12000000,9.92180000,4.510904451963e-01
2.13000000,9.93180000,4.791069632999e-01
2.14000000,9.94180000,5.072807876310e-01
2.15000000,9.95180000,5.353561404904e-01
2.16000000,9.96180000,5.630695823521e-01
2.17000000,9.97180000,5.901544173617e-01
2.18000000,9.98180000,6.163453633921e-01
2.19000000,9.99180000,6.413833773275e-01
2.20000000,10.00180000,6.650205154604e-01
2.21000000,10.01180000,6.870247015964e-01
2.22000000,10.02180000,7.071842721901e-01
2.23000000,10.03180000,7.253121689629e-01
2.24000000,10.04180000,7.412496551948e-01
2.25000000,10.05180000,7.548694422334e-01
2.26000000,10.06180000,7.660781275484e-01
2.27000000,10.07180000,7.748178644677e-01
2.28000000,10.08180000,7.810672059795e-01
2.29000000,10.09180000,7.848410898983e-01
2.30000000,10.10180000,7.861899593774e-01
2.31000000,10.11180000,7.851980401798e-01
2.32000000,10.12180000,7.819808232348e-01
2.33000000,10.13180000,7.766818267267e-01
2.34000000,10.14180000,7.694687352412e-01
2.35000000,10.15180000,7.605290333995e-01
2.36000000,10.16180000,7.500652671135e-01
2.37000000,10.17180000,7.382900764747e-01
2.38000000,10.18180000,7.254211499064e-01
2.39000000,10.19180000,7.116762493630e-01
2.40000000,10.20180000,6.972684510858e-01
2.41000000,10.21180000,6.824017359860e-01
2.42000000,10.22180000,6.672670486075e-01
2.43000000,10.23180000,6.520389245174e-01
2.44000000,10.24180000,6.368727637082e-01
2.45000000,10.25180000,6.219028031579e-01
2.46000000,10.26180000,6.072408160989e-01
2.47000000,10.27180000,5.929755398792e-01
2.48000000,10.28180000,5.791728095700e-01
2.49000000,10.29180000,5.658763516699e-01
2.50000000,10.30180000,5.531091722002e-01
2.51000000,10.31180000,5.408754568833e-01
2.52000000,10.32180000,5.291628884561e-01
2.53000000,10.33180000,5.179452777992e-01
2.54000000,10.34180000,5.071854015786e-01
2.55000000,10.35180000,4.968379393996e-01
2.56000000,10.36180000,4.868524077861e-01
2.57000000,10.37180000,4.771759961702e-01
2.58000000,10.38180000,4.677562209404e-01
2.59000000,10.39180000,4.585433267504e-01
2.60000000,10.40180000,4.494923790259e-01
2.61000000,10.41180000,4.405650071355e-01
2.62000000,10.42180000,4.317307733100e-01
2.63000000,10.43180000,4.229681574001e-01
2.64000000,10.44180000,4.142651613871e-01
2.65000000,10.45180000,4.056195497170e-01
2.66000000,10.46180000,3.970387516803e-01
2.67000000,10.47180000,3.885394600001e-01
2.68000000,10.48180000,3.801469654450e-01
2.69000000,10.49180000,3.718942707211e-01
2.70000000,10.50180000,3.638210282831e-01
2.71000000,10.51180000,3.559723463053e-01
2.72000000,10.52180000,3.483975051947e-01
2.73000000,10.53180000,3.411486240786e-01
2.74000000,10.54180000,3.342793130202e-01
2.75000000,10.55180000,3.278433426743e-01
2.76000000,10.56180000,3.218933589825e-01
2.77000000,10.57180000,3.164796665903e-01
2.78000000,10.58180000,3.116491011018e-01
2.79000000,10.59180000,3.074440071826e-01
2.80000000,10.60180000,3.039013368786e-01
2.81000000,10.61180000,3.010518802894e-01
2.82000000,10.62180000,2.989196388013e-01
2.83000000,10.63180000,2.975213492906e-01
2.84000000,10.64180000,2.968661658775e-01
2.85000000,10.65180000,2.969555037688e-01
2.86000000,10.66180000,2.977830473267e-01
2.87000000,10.67180000,2.993349216262e-01
2.88000000,10.68180000,3.015900233757e-01
2.89000000,10.69180000,3.045205031814e-01
2.90000000,10.70180000,3.080923868398e-01
2.91000000,10.71180000,3.122663188010e-01
2.92000000,10.72180000,3.169984063835e-01
2.93000000,10.73180000,3.222411390244e-01
2.94000000,10.74180000,3.279443531075e-01
2.95000000,10.75180000,3.340562100498e-01
2.96000000,10.76180000,3.405241536308e-01
2.97000000,10.77180000,3.472958122700e-01
2.98000000,10.78180000,3.543198132816e-01
2.99000000,10.79180000,3.615464791582e-01
3.00000000,10.80180000,3.689283806570e-01
3.01000000,10.81180000,3.764207277716e-01
3.02000000,10.82180000,3.839815873469e-01
3.03000000,10.83180000,3.915719248217e-01
3.04000000,10.84180000,3.991554769404e-01
3.05000000,10.85180000,4.066984717913e-01
3.06000000,10.86180000,4.141692216878e-01
3.07000000,10.87180000,4.215376226666e-01
3.08000000,10.88180000,4.287746012407e-01
3.09000000,10.89180000,4.358515540421e-01
3.10000000,10.90180000,4.427398287523e-01
3.11000000,10.91180000,4.494102949837e-01
3.12000000,10.92180000,4.558330513909e-01
3.13000000,10.93180000,4.619773102735e-01
3.14000000,10.94180000,4.678114934159e-01
3.15000000,10.95180000,4.733035631833e-01
3.16000000,10.96180000,4.784216013705e-01
3.17000000,10.97180000,4.831346354976e-01
3.18000000,10.98180000,4.874136987674e-01
3.19000000,10.99180000,4.912330963842e-01
3.20000000,11.00180000,4.945718380581e-01
3.21000000,11.01180000,4.974151849106e-01
3.22000000,11.02180000,4.997562492577e-01
3.23000000,11.03180000,5.015975783787e-01
3.24000000,11.04180000,5.029526487751e-01
3.25000000,11.05180000,5.038471958655e-01
3.26000000,11.06180000,5.043203056746e-01
3.27000000,11.07180000,5.044251998539e-01
3.28000000,11.08180000,5.042296531704e-01
3.29000000,11.09180000,5.038159931476e-01
3.30000000,11.10180000,5.032806444470e-01
3.31000000,11.11180000,5.027331953774e-01
3.32000000,11.12180000,5.022949800495e-01
3.33000000,11.13180000,5.020971865896e-01
3.34000000,11.14180000,5.022785188636e-01
3.35000000,11.15180000,5.029824557546e-01
3.36000000,11.16180000,5.043541675964e-01
3.37000000,11.17180000,5.065371633691e-01
3.38000000,11.18180000,5.096697542158e-01
3.39000000,11.19180000,5.138814283568e-01
3.40000000,11.20180000,5.192892391916e-01
3.41000000,11.21180000,5.259943120662e-01
3.42000000,11.22180000,5.340785756409e-01
3.43000000,11.23180000,5.436018209602e-01
3.44000000,11.24180000,5.545991851771e-01
3.45000000,11.25180000,5.670791475300e-01
3.46000000,11.26180000,5.810221127644e-01
3.47000000,11.27180000,5.963796420193e-01
3.48000000,11.28180000,6.130743736075e-01
3.49000000,11.29180000,6.310006565511e-01
3.50000000,11.30180000,6.500258987353e-01
3.51000000,11.31180000,6.699926097029e-01
3.52000000,11.32180000,6.907210961291e-01
3.53000000,11.33180000,7.120127466027e-01
3.54000000,11.34180000,7.336538222693e-01
3.55000000,11.35180000,7.554196519301e-01
3.56000000,11.36180000,7.770791150783e-01
3.57000000,11.37180000,7.983992847858e-01
3.58000000,11.38180000,8.191500949241e-01
3.59000000,11.39180000,8.391088933709e-01
3.60000000,11.40180000,8.580647449497e-01
3.61000000,11.41180000,8.758223549672e-01
3.62000000,11.42180000,8.922054962904e-01
3.63000000,11.43180000,9.070598396170e-01
3.64000000,11.44180000,9.202551074183e-01
3.65000000,11.45180000,9.316864962413e-01
3.66000000,11.46180000,9.412753387124e-01
3.67000000,11.47180000,9.489690046312e-01
3.68000000,11.48180000,9.547400688031e-01
3.69000000,11.49180000,9.585848005058e-01
3.70000000,11.50180000,9.605210545211e-01
3.71000000,11.51180000,9.605856653479e-01
3.72000000,11.52180000,9.588314635482e-01
3.73000000,11.53180000,9.553240453627e-01
3.74000000,11.54180000,9.501384331894e-01
3.75000000,11.55180000,9.433557649550e-01
3.76000000,11.56180000,9.350601448198e-01
3.77000000,11.57180000,9.253357763231e-01
3.78000000,11.58180000,9.142644825836e-01
3.79000000,11.59180000,9.019236973329e-01
3.80000000,11.60180000,8.883849864293e-01
3.81000000,11.61180000,8.737131332594e-01
3.82000000,11.62180000,8.579657943793e-01
3.83000000,11.63180000,8.411937051869e-01
3.84000000,11.64180000,8.234413906066e-01
3.85000000,11.65180000,8.047483138721e-01
3.86000000,11.66180000,7.851503784765e-01
3.87000000,11.67180000,7.646816849929e-01
3.88000000,11.68180000,7.433764362450e-01
3.89000000,11.69180000,7.212708814620e-01
3.90000000,11.70180000,6.984051925275e-01
3.91000000,11.71180000,6.748251729133e-01
3.92000000,11.72180000,6.505837118134e-01
3.93000000,11.73180000,6.257419115994e-01
3.94000000,11.74180000,6.003698350911e-01
3.95000000,11.75180000,5.745468392601e-01
3.96000000,11.76180000,5.483614828069e-01
3.97000000,11.77180000,5.219110155366e-01
3.98000000,11.78180000,4.953004766357e-01
3.99000000,11.79180000,4.686414459803e-01
4.00000000,11.80180000,4.420505067817e-01
4.01000000,11.81180000,4.156474886964e-01
4.02000000,11.82180000,3.895535676690e-01
4.03000000,11.83180000,3.638893021232e-01
4.04000000,11.84180000,3.387726847493e-01
4.05000000,11.85180000,3.143172852885e-01
4.06000000,11.86180000,2.906305527921e-01
4.07000000,11.87180000,2.678123363403e-01
4.08000000,11.88180000,2.459536717262e-01
4.09000000,11.89180000,2.251358687827e-01
4.10000000,11.90180000,2.054299204911e-01
4.11000000,11.91180000,1.868962413735e-01
4.12000000,11.92180000,1.695847294986e-01
4.13000000,11.93180000,1.535351342236e-01
4.14000000,11.94180000,1.387777009355e-01
4.15000000,11.95180000,1.253340548707e-01
4.16000000,11.96180000,1.132182787718e-01
4.17000000,11.97180000,1.024381338057e-01
4.18000000,11.98180000,9.299636984422e-02
4.19000000,11.99180000,8.489206983930e-02
4.20000000,12.00180000,7.812197351402e-02
4.21000000,12.01180000,7.268172777246e-02
4.22000000,12.02180000,6.856701492804e-02
4.23000000,12.03180000,6.577451485744e-02
4.24000000,12.04180000,6.430266329784e-02
4.25000000,12.05180000,6.415217551446e-02
4.26000000,12.06180000,6.532631227416e-02
4.27000000,12.07180000,6.783087328310e-02
4.28000000,12.08180000,7.167391180278e-02
4.29000000,12.09180000,7.686517288064e-02
4.30000000,12.10180000,8.341526635155e-02
4.31000000,12.11180000,9.133459431936e-02
4.32000000,12.12180000,1.006320610424e-01
4.33000000,12.13180000,1.113136008466e-01
4.34000000,12.14180000,1.233805666864e-01
4.35000000,12.15180000,1.368280280789e-01
4.36000000,12.16180000,1.516430321448e-01
4.37000000,12.17180000,1.678028852185e-01
4.38000000,12.18180000,1.852735147393e-01
4.39000000,12.19180000,2.040079717578e-01
4.40000000,12.20180000,2.239451332469e-01
4.41000000,12.21180000,2.450086604053e-01
4.42000000,12.22180000,2.671062642657e-01
4.43000000,12.23180000,2.901293231819e-01
4.44000000,12.24180000,3.139528882949e-01
4.45000000,12.25180000,3.384361030333e-01
4.46000000,12.26180000,3.634230513460e-01
4.47000000,12.27180000,3.887440370267e-01
4.48000000,12.28180000,4.142172835413e-01
4.49000000,12.29180000,4.396510306583e-01
4.50000000,12.30180000,4.648459913549e-01
4.51000000,12.31180000,4.895981204065e-01
4.52000000,12.32180000,5.137016352212e-01
4.53000000,12.33180000,5.369522202699e-01
4.54000000,12.34180000,5.591503392637e-01
4.55000000,12.35180000,5.801045743288e-01
4.56000000,12.36180000,5.996349090326e-01
4.57000000,12.37180000,6.175758723263e-01
4.58000000,12.38180000,6.337794632876e-01
4.59000000,12.39180000,6.481177818728e-01
4.60000000,12.40180000,6.604852985105e-01
4.61000000,12.41180000,6.708007050093e-01
4.62000000,12.42180000,6.790083005450e-01
4.63000000,12.43180000,6.850788790289e-01
4.64000000,12.44180000,6.890100975023e-01
4.65000000,12.45180000,6.908263188919e-01
4.66000000,12.46180000,6.905779360694e-01
4.67000000,12.47180000,6.883401972656e-01
4.68000000,12.48180000,6.842115651358e-01
4.69000000,12.49180000,6.783116528466e-01
4.70000000,12.50180000,6.707787902032e-01
4.71000000,12.51180000,6.617672808812e-01
4.72000000,12.52180000,6.514444181415e-01
4.73000000,12.53180000,6.399873309213e-01
4.74000000,12.54180000,6.275797349014e-01
4.75000000,12.55180000,6.144086640562e-01
4.76000000,12.56180000,6.006612573620e-01
4.77000000,12.57180000,5.865216728367e-01
4.78000000,12.58180000,5.721681969980e-01
4.79000000,12.59180000,5.577706122550e-01
4.80000000,12.60180000,5.434878777942e-01
4.81000000,12.61180000,5.294661713018e-01
4.82000000,12.62180000,5.158373294999e-01
4.83000000,12.63180000,5.027177151275e-01
4.84000000,12.64180000,4.902075268150e-01
4.85000000,12.65180000,4.783905565135e-01
4.86000000,12.66180000,4.673343869567e-01
4.87000000,12.67180000,4.570910093574e-01
4.88000000,12.68180000,4.476978294634e-01
4.89000000,12.69180000,4.391790185842e-01
4.90000000,12.70180000,4.315471556133e-01
4.91000000,12.71180000,4.248050968004e-01
4.92000000,12.72180000,4.189480024545e-01
4.93000000,12.73180000,4.139654442418e-01
4.94000000,12.74180000,4.098435135972e-01
4.95000000,12.75180000,4.065668512472e-01
4.96000000,12.76180000,4.041205201126e-01
4.97000000,12.77180000,4.024916489875e-01
4.98000000,12.78180000,4.016707823288e-01
4.99000000,12.79180000,4.016528820690e-01
5.00000000,12.80180000,4.024379402845e-01
5.01000000,12.81180000,4.040311764092e-01
5.02000000,12.82180000,4.064428089415e-01
5.03000000,12.83180000,4.096874086628e-01
5.04000000,12.84180000,4.137828575752e-01
5.05000000,12.85180000,4.187489543791e-01
5.06000000,12.86180000,4.246057226308e-01
5.07000000,12.87180000,4.313714910688e-01
5.08000000,12.88180000,4.390608263575e-01
5.09000000,12.89180000,4.476824061550e-01
5.10000000,12.90180000,4.572369245709e-01
5.11000000,12.91180000,4.677151224967e-01
5.12000000,12.92180000,4.790960318789e-01
5.13000000,12.93180000,4.913455158552e-01
5.14000000,12.94180000,5.044151760359e-01
5.15000000,12.95180000,5.182416845063e-01
5.16000000,12.96180000,5.327465819084e-01
5.17000000,12.97180000,5.478365649059e-01
5.18000000,12.98180000,5.634042672129e-01
5.19000000,12.99180000,5.793295189859e-01
5.20000000,13.00180000,5.954810505691e-01
5.21000000,13.01180000,6.117185891581e-01
5.22000000,13.02180000,6.278952816335e-01
5.23000000,13.03180000,6.438603642773e-01
5.24000000,13.04180000,6.594619908247e-01
5.25000000,13.05180000,6.745501247005e-01
5.26000000,13.06180000,6.889793995429e-01
5.27000000,13.07180000,7.026118542569e-01
5.28000000,13.08180000,7.153194547250e-01
5.29000000,13.09180000,7.269863236314e-01
5.30000000,13.10180000,7.375106121647e-01
5.31000000,13.11180000,7.468059620968e-01
5.32000000,13.12180000,7.548025232060e-01
5.33000000,13.13180000,7.614475085016e-01
5.34000000,13.14180000,7.667052874556e-01
5.35000000,13.15180000,7.705570347044e-01
5.36000000,13.16180000,7.729999677429e-01
5.37000000,13.17180000,7.740462213634e-01
5.38000000,13.18180000,7.737214184421e-01
5.39000000,13.19180000,7.720630057432e-01
5.40000000,13.20180000,7.691184293848e-01
5.41000000,13.21180000,7.649432273619e-01
5.42000000,13.22180000,7.595991160271e-01
5.43000000,13.23180000,7.531521438198e-01
5.44000000,13.24180000,7.456709790646e-01
5.45000000,13.25180000,7.372253896846e-01
5.46000000,13.26180000,7.278849616465e-01
5.47000000,13.27180000,7.177180903944e-01
5.48000000,13.28180000,7.067912659913e-01
5.49000000,13.29180000,6.951686587623e-01
5.50000000,13.30180000,6.829119984883e-01
5.51000000,13.31180000,6.700807271903e-01
5.52000000,13.32180000,6.567323937738e-01
5.53000000,13.33180000,6.429232486975e-01
5.54000000,13.34180000,6.287089887660e-01
5.55000000,13.35180000,6.141455963693e-01
5.56000000,13.36180000,5.992902141912e-01
5.57000000,13.37180000,5.842019956395e-01
5.58000000,13.38180000,5.689428729957e-01
5.59000000,13.39180000,5.535781894052e-01
5.60000000,13.40180000,5.381771471304e-01
5.61000000,13.41180000,5.228130326655e-01
5.62000000,13.42180000,5.075631890228e-01
5.63000000,13.43180000,4.925087163371e-01
5.64000000,13.44180000,4.777338934592e-01
5.65000000,13.45180000,4.633253249808e-01
5.66000000,13.46180000,4.493708296921e-01
5.67000000,13.47180000,4.359580973945e-01
5.68000000,13.48180000,4.231731508788e-01
5.69000000,13.49180000,4.110986583775e-01
5.70000000,13.50180000,3.998121486246e-01
5.71000000,13.51180000,3.893841855819e-01
5.72000000,13.52180000,3.798765627641e-01
5.73000000,13.53180000,3.713405778507e-01
5.74000000,13.54180000,3.638154469099e-01
5.75000000,13.55180000,3.573269141538e-01
5.76000000,13.56180000,3.518861078539e-01
5.77000000,13.57180000,3.474886860625e-01
5.78000000,13.58180000,3.441143073843e-01
5.79000000,13.59180000,3.417264525136e-01
5.80000000,13.60180000,3.402726119319e-01
5.81000000,13.61180000,3.396848443931e-01
5.82000000,13.62180000,3.398806999666e-01
5.83000000,13.63180000,3.407644908037e-01
5.84000000,13.64180000,3.422288827799e-01
5.85000000,13.65180000,3.441567720410e-01
5.86000000,13.66180000,3.464234025230e-01
5.87000000,13.67180000,3.488986739494e-01
5.88000000,13.68180000,3.514495848103e-01
5.89000000,13.69180000,3.539427515389e-01
5.90000000,13.70180000,3.562469435771e-01
5.91000000,13.71180000,3.582355742950e-01
5.92000000,13.72180000,3.597890897551e-01
5.93000000,13.73180000,3.607972009921e-01
5.94000000,13.74180000,3.611609106833e-01
5.95000000,13.75180000,3.607942916083e-01
5.96000000,13.76180000,3.596259819185e-01
5.97000000,13.77180000,3.576003706974e-01
5.98000000,13.78180000,3.546784563024e-01
5.99000000,13.79180000,3.508383692443e-01
6.00000000,13.80180000,3.460755605787e-01
6.01000000,13.81180000,3.404026656655e-01
6.02000000,13.82180000,3.338490614169e-01
6.03000000,13.83180000,3.264601425559e-01
6.04000000,13.84180000,3.182963487344e-01
6.05000000,13.85180000,3.094319794338e-01
6.06000000,13.86180000,2.999538372822e-01
6.07000000,13.87180000,2.899597426860e-01
6.08000000,13.88180000,2.795569634751e-01
6.09000000,13.89180000,2.688606026357e-01
6.10000000,13.90180000,2.579919852261e-01
6.11000000,13.91180000,2.470770823598e-01
6.12000000,13.92180000,2.362450058631e-01
6.13000000,13.93180000,2.256266020483e-01
6.14000000,13.94180000,2.153531672003e-01
6.15000000,13.95180000,2.055553010705e-01
6.16000000,13.96180000,1.963619081282e-01
6.17000000,13.97180000,1.878993497521e-01
6.18000000,13.98180000,1.802907441566e-01
6.19000000,13.99180000,1.736554048338e-01
6.20000000,14.00180000,1.681084028091e-01
6.21000000,14.01180000,1.637602332153e-01
6.22000000,14.02180000,1.607165626974e-01
6.23000000,14.03180000,1.590780310746e-01
6.24000000,14.04180000,1.589400785791e-01
6.25000000,14.05180000,1.603927689215e-01
6.26000000,14.06180000,1.635205784355e-01
6.27000000,14.07180000,1.684021226497e-01
6.28000000,14.08180000,1.751097938261e-01
6.29000000,14.09180000,1.837092862739e-01
6.30000000,14.10180000,1.942589905636e-01
6.31000000,14.11180000,2.068092430806e-01
6.32000000,14.12180000,2.214014235793e-01
6.33000000,14.13180000,2.380669004408e-01
6.34000000,14.14180000,2.568258310485e-01
6.35000000,14.15180000,2.776858329145e-01
6.36000000,14.16180000,3.006405497041e-01
6.37000000,14.17180000,3.256681448671e-01
6.38000000,14.18180000,3.527297639171e-01
6.39000000,14.19180000,3.817680141745e-01
6.40000000,14.20180000,4.127055176769e-01
6.41000000,14.21180000,4.454435985930e-01
6.42000000,14.22180000,4.798611704996e-01
6.43000000,14.23180000,5.158138909524e-01
6.44000000,14.24180000,5.531336505827e-01
6.45000000,14.25180000,5.916284612376e-01
6.46000000,14.26180000,6.310828022568e-01
6.47000000,14.27180000,6.712584757667e-01
6.48000000,14.28180000,7.118960108827e-01
6.49000000,14.29180000,7.527166430972e-01
6.50000000,14.30180000,7.934248791583e-01
6.51000000,14.31180000,8.337116398307e-01
6.52000000,14.32180000,8.732579535915e-01
6.53000000,14.33180000,9.117391542140e-01
6.54000000,14.34180000,9.488295150520e-01
6.55000000,14.35180000,9.842072334655e-01
6.56000000,14.36180000,1.017559661057e+00
6.57000000,14.37180000,1.048588660040e+00
6.58000000,14.38180000,1.077015953915e+00
6.59000000,14.39180000,1.102588332368e+00
6.60000000,14.40180000,1.125082566516e+00
6.61000000,14.41180000,1.144309891664e+00
6.62000000,14.42180000,1.160119920877e+00
6.63000000,14.43180000,1.172403863839e+00
6.64000000,14.44180000,1.181096941549e+00
6.65000000,14.45180000,1.186179907851e+00
6.66000000,14.46180000,1.187679613078e+00
6.67000000,14.47180000,1.185668572310e+00
6.68000000,14.48180000,1.180263529999e+00
6.69000000,14.49180000,1.171623042869e+00
6.70000000,14.50180000,1.159944132996e+00
6.71000000,14.51180000,1.145458091584e+00
6.72000000,14.52180000,1.128425540185e+00
6.73000000,14.53180000,1.109130878847e+00
6.74000000,14.54180000,1.087876269167e+00
6.75000000,14.55180000,1.064975313716e+00
6.76000000,14.56180000,1.040746601303e+00
6.77000000,14.57180000,1.015507289931e+00
6.78000000,14.58180000,9.895668958417e-01
6.79000000,14.59180000,9.632214482229e-01
6.80000000,14.60180000,9.367481551313e-01
6.81000000,14.61180000,9.104007078378e-01
6.82000000,14.62180000,8.844053287127e-01
6.83000000,14.63180000,8.589576429693e-01
6.84000000,14.64180000,8.342204279926e-01
6.85000000,14.65180000,8.103222666169e-01
6.86000000,14.66180000,7.873571035824e-01
6.87000000,14.67180000,7.653846784219e-01
6.88000000,14.68180000,7.444317840641e-01
6.89000000,14.69180000,7.244942791971e-01
6.90000000,14.70180000,7.055397645116e-01
6.91000000,14.71180000,6.875108187431e-01
6.92000000,14.72180000,6.703286802201e-01
6.93000000,14.73180000,6.538972534900e-01
6.94000000,14.74180000,6.381073184783e-01
6.95000000,14.75180000,6.228408213296e-01
6.96000000,14.76180000,6.079751312737e-01
6.97000000,14.77180000,5.933871561244e-01
6.98000000,14.78180000,5.789572198723e-01
6.99000000,14.79180000,5.645726187354e-01
7.00000000,14.80180000,5.501307864145e-01
7.01000000,14.81180000,5.355420146148e-01
7.02000000,14.82180000,5.207316905808e-01
7.03000000,14.83180000,5.056420289535e-01
7.04000000,14.84180000,4.902332902262e-01
7.05000000,14.85180000,4.744844920488e-01
7.06000000,14.86180000,4.583936322770e-01
7.07000000,14.87180000,4.419774537048e-01
7.08000000,14.88180000,4.252707896671e-01
7.09000000,14.89180000,4.083255370211e-01
7.10000000,14.90180000,3.912093083478e-01
7.11000000,14.91180000,3.740038185706e-01
7.12000000,14.92180000,3.568030626143e-01
7.13000000,14.93180000,3.397113403588e-01
7.14000000,14.94180000,3.228411831232e-01
7.15000000,14.95180000,3.063112324718e-01
7.16000000,14.96180000,2.902441174818e-01
7.17000000,14.97180000,2.747643710400e-01
7.18000000,14.98180000,2.599964195029e-01
7.19000000,14.99180000,2.460626734672e-01
7.20000000,15.00180000,2.330817407308e-01
7.21000000,15.01180000,2.211667760664e-01
7.22000000,15.02180000,2.104239764237e-01
7.23000000,15.03180000,2.009512248570e-01
7.24000000,15.04180000,1.928368820223e-01
7.25000000,15.05180000,1.861587206433e-01
7.26000000,15.06180000,1.809829959990e-01
7.27000000,15.07180000,1.773636442612e-01
7.28000000,15.08180000,1.753416003934e-01
7.29000000,15.09180000,1.749442282215e-01
7.30000000,15.10180000,1.761848570730e-01
7.31000000,15.11180000,1.790624218736e-01
7.32000000,15.12180000,1.835612065688e-01
7.33000000,15.13180000,1.896506939581e-01
7.34000000,15.14180000,1.972855282327e-01
7.35000000,15.15180000,2.064055994272e-01
7.36000000,15.16180000,2.169362613843e-01
7.37000000,15.17180000,2.287886964609e-01
7.38000000,15.18180000,2.418604408868e-01
7.39000000,15.19180000,2.560360842730e-01
7.40000000,15.20180000,2.711881551821e-01
7.41000000,15.21180000,2.871782018787e-01
7.42000000,15.22180000,3.038580734210e-01
7.43000000,15.23180000,3.210714012339e-01
7.44000000,15.24180000,3.386552753847e-01
7.45000000,15.25180000,3.564421031791e-01
7.46000000,15.26180000,3.742616306723e-01
7.47000000,15.27180000,3.919431005450e-01
7.48000000,15.28180000,4.093175128418e-01
7.49000000,15.29180000,4.262199486367e-01
7.50000000,15.30180000,4.424919110981e-01
7.51000000,15.31180000,4.579836339605e-01
7.52000000,15.32180000,4.725563043466e-01
7.53000000,15.33180000,4.860841454231e-01
7.54000000,15.34180000,4.984563046807e-01
7.55000000,15.35180000,5.095784957903e-01
7.56000000,15.36180000,5.193743460264e-01
7.57000000,15.37180000,5.277864071127e-01
7.58000000,15.38180000,5.347767949006e-01
7.59000000,15.39180000,5.403274323593e-01
7.60000000,15.40180000,5.444398806542e-01
7.61000000,15.41180000,5.471347543283e-01
7.62000000,15.42180000,5.484507283948e-01
7.63000000,15.43180000,5.484431571262e-01
7.64000000,15.44180000,5.471823360572e-01
7.65000000,15.45180000,5.447514498023e-01
7.66000000,15.46180000,5.412442583116e-01
7.67000000,15.47180000,5.367625827741e-01
7.68000000,15.48180000,5.314136591930e-01
7.69000000,15.49180000,5.253074324127e-01
7.70000000,15.50180000,5.185538658651e-01
7.71000000,15.51180000,5.112603423808e-01
7.72000000,15.52180000,5.035292290236e-01
7.73000000,15.53180000,4.954556740964e-01
7.74000000,15.54180000,4.871256973500e-01
7.75000000,15.55180000,4.786146252263e-01
7.76000000,15.56180000,4.699859119708e-01
7.77000000,15.57180000,4.612903750373e-01
7.78000000,15.58180000,4.525658597953e-01
7.79000000,15.59180000,4.438373346293e-01
7.80000000,15.60180000,4.351174035730e-01
7.81000000,15.61180000,4.264072101755e-01
7.82000000,15.62180000,4.176976938295e-01
7.83000000,15.63180000,4.089711487750e-01
7.84000000,15.64180000,4.002030268238e-01
7.85000000,15.65180000,3.913639178666e-01
7.86000000,15.66180000,3.824216376669e-01
7.87000000,15.67180000,3.733433504685e-01
7.88000000,15.68180000,3.640976545780e-01
7.89000000,15.69180000,3.546565622775e-01
7.90000000,15.70180000,3.449973109911e-01
7.91000000,15.71180000,3.351039503246e-01
7.92000000,15.72180000,3.249686590596e-01
7.93000000,15.73180000,3.145927569979e-01
7.94000000,15.74180000,3.039873882708e-01
7.95000000,15.75180000,2.931738648417e-01
7.96000000,15.76180000,2.821836709769e-01
7.97000000,15.77180000,2.710581409414e-01
7.98000000,15.78180000,2.598478326928e-01
7.99000000,15.79180000,2.486116294985e-01
8.00000000,15.80180000,2.374156089202e-01
8.01000000,15.81180000,2.263317242568e-01
8.02000000,15.82180000,2.154363472079e-01
8.03000000,15.83180000,2.048087221691e-01
8.04000000,15.84180000,1.945293822650e-01
8.05000000,15.85180000,1.846785750884e-01
8.06000000,15.86180000,1.753347423624e-01
8.07000000,15.87180000,1.665730926321e-01
8.08000000,15.88180000,1.584642999259e-01
8.09000000,15.89180000,1.510733544323e-01
8.10000000,15.90180000,1.444585839525e-01
8.11000000,15.91180000,1.386708575402e-01
8.12000000,15.92180000,1.337529756346e-01
8.13000000,15.93180000,1.297392444110e-01
8.14000000,15.94180000,1.266552262464e-01
8.15000000,15.95180000,1.245176533163e-01
8.16000000,15.96180000,1.233344875365e-01
8.17000000,15.97180000,1.231051074203e-01
8.18000000,15.98180000,1.238206009730e-01
8.19000000,15.99180000,1.254641434564e-01
8.20000000,16.00180000,1.280114396757e-01
8.21000000,16.01180000,1.314312122340e-01
8.22000000,16.02180000,1.356857198472e-01
8.23000000,16.03180000,1.407312931021e-01
8.24000000,16.04180000,1.465188788089e-01
8.25000000,16.05180000,1.529945880898e-01
8.26000000,16.06180000,1.601002473661e-01
8.27000000,16.07180000,1.677739552026e-01
8.28000000,16.08180000,1.759506513319e-01
8.29000000,16.09180000,1.845627069042e-01
8.30000000,16.10180000,1.935405468986e-01
8.31000000,16.11180000,2.028133165455e-01
8.32000000,16.12180000,2.123096034249e-01
8.33000000,16.13180000,2.219582255563e-01
8.34000000,16.14180000,2.316890932675e-01
8.35000000,16.15180000,2.414341489564e-01
8.36000000,16.16180000,2.511283841507e-01
8.37000000,16.17180000,2.607109276787e-01
8.38000000,16.18180000,2.701261925102e-01
8.39000000,16.19180000,2.793250621818e-01
8.40000000,16.20180000,2.882660910004e-01
8.41000000,16.21180000,2.969166857648e-01
8.42000000,16.22180000,3.052542309311e-01
8.43000000,16.23180000,3.132671143359e-01
8.44000000,16.24180000,3.209556071343e-01
8.45000000,16.25180000,3.283325498318e-01
8.46000000,16.26180000,3.354237964448e-01
8.47000000,16.27180000,3.422683711258e-01
8.48000000,16.28180000,3.489182961344e-01
8.49000000,16.29180000,3.554380568499e-01
8.50000000,16.30180000,3.619036785198e-01
8.51000000,16.31180000,3.684014004235e-01
8.52000000,16.32180000,3.750259458104e-01
8.53000000,16.33180000,3.818783999555e-01
8.54000000,16.34180000,3.890637234809e-01
8.55000000,16.35180000,3.966879431759e-01
8.56000000,16.36180000,4.048550773186e-01
8.57000000,16.37180000,4.136638663454e-01
8.58000000,16.38180000,4.232043920064e-01
8.59000000,16.39180000,4.335546783129e-01
8.60000000,16.40180000,4.447773750883e-01
8.61000000,16.41180000,4.569166293307e-01
8.62000000,16.42180000,4.699952505344e-01
8.63000000,16.43180000,4.840122733757e-01
8.64000000,16.44180000,4.989410146564e-01
8.65000000,16.45180000,5.147277111674e-01
8.66000000,16.46180000,5.312908113868e-01
8.67000000,16.47180000,5.485209770185e-01
8.68000000,16.48180000,5.662818307730e-01
8.69000000,16.49180000,5.844114651126e-01
8.70000000,16.50180000,6.027247036185e-01
8.71000000,16.51180000,6.210160829743e-01
8.72000000,16.52180000,6.390635001219e-01
8.73000000,16.53180000,6.566324467654e-01
8.74000000,16.54180000,6.734807329167e-01
8.75000000,16.55180000,6.893635833407e-01
8.76000000,16.56180000,7.040389762854e-01
8.77000000,16.57180000,7.172730833273e-01
8.78000000,16.58180000,7.288456629873e-01
8.79000000,16.59180000,7.385552592523e-01
8.80000000,16.60180000,7.462240593965e-01
8.81000000,16.61180000,7.517022734737e-01
8.82000000,16.62180000,7.548719103183e-01
8.83000000,16.63180000,7.556498414371e-01
8.84000000,16.64180000,7.539900642642e-01
8.85000000,16.65180000,7.498850991804e-01
8.86000000,16.66180000,7.433664797050e-01
8.87000000,16.67180000,7.345043214771e-01
8.88000000,16.68180000,7.234059821795e-01
8.89000000,16.69180000,7.102138505136e-01
8.90000000,16.70180000,6.951023268605e-01
8.91000000,16.71180000,6.782740805652e-01
8.92000000,16.72180000,6.599556881601e-01
8.93000000,16.73180000,6.403927727333e-01
8.94000000,16.74180000,6.198447766046e-01
8.95000000,16.75180000,5.985795072103e-01
8.96000000,16.76180000,5.768675994981e-01
8.97000000,16.77180000,5.549770372047e-01
8.98000000,16.78180000,5.331678703063e-01
8.99000000,16.79180000,5.116872569955e-01
9.00000000,16.80180000,4.907649461574e-01
9.01000000,16.81180000,4.706093009951e-01
9.02000000,16.82180000,4.514039467666e-01
9.03000000,16.83180000,4.333051061572e-01
9.04000000,16.84180000,4.164396652626e-01
9.05000000,16.85180000,4.009039921351e-01
9.06000000,16.86180000,3.867635089764e-01
9.07000000,16.87180000,3.740529989140e-01
9.08000000,16.88180000,3.627776094245e-01
9.09000000,16.89180000,3.529144973246e-01
9.10000000,16.90180000,3.444150452520e-01
9.11000000,16.91180000,3.372075670313e-01
9.12000000,16.92180000,3.312004095176e-01
9.13000000,16.93180000,3.262853516103e-01
9.14000000,16.94180000,3.223411972211e-01
9.15000000,16.95180000,3.192374580945e-01
9.16000000,16.96180000,3.168380244380e-01
9.17000000,16.97180000,3.150047262090e-01
9.18000000,16.98180000,3.136006954063e-01
9.19000000,16.99180000,3.124934495605e-01
9.20000000,17.00180000,3.115576284744e-01
9.21000000,17.01180000,3.106773297372e-01
9.22000000,17.02180000,3.097480031962e-01
9.23000000,17.03180000,3.086778799419e-01
9.24000000,17.04180000,3.073889269476e-01
9.25000000,17.05180000,3.058173338170e-01
9.26000000,17.06180000,3.039135526221e-01
9.27000000,17.07180000,3.016419251033e-01
9.28000000,17.08180000,2.989799431332e-01
9.29000000,17.09180000,2.959171979320e-01
9.30000000,17.10180000,2.924540808062e-01
9.31000000,17.11180000,2.886003029326e-01
9.32000000,17.12180000,2.843733038403e-01
9.33000000,17.13180000,2.797966177464e-01
9.34000000,17.14180000,2.748982638751e-01
9.35000000,17.15180000,2.697092215319e-01
9.36000000,17.16180000,2.642620433143e-01
9.37000000,17.17180000,2.585896507619e-01
9.38000000,17.18180000,2.527243464308e-01
9.39000000,17.19180000,2.466970652599e-01
9.40000000,17.20180000,2.405368766789e-01
9.41000000,17.21180000,2.342707376511e-01
9.42000000,17.22180000,2.279234862055e-01
9.43000000,17.23180000,2.215180553898e-01
9.44000000,17.24180000,2.150758793005e-01
9.45000000,17.25180000,2.086174561904e-01
9.46000000,17.26180000,2.021630287751e-01
9.47000000,17.27180000,1.957333388528e-01
9.48000000,17.28180000,1.893504122083e-01
9.49000000,17.29180000,1.830383304045e-01
9.50000000,17.30180000,1.768239483132e-01
9.51000000,17.31180000,1.707375198897e-01
9.52000000,17.32180000,1.648131994854e-01
9.53000000,17.33180000,1.590893916423e-01
9.54000000,17.34180000,1.536089285273e-01
9.55000000,17.35180000,1.484190606635e-01
9.56000000,17.36180000,1.435712531336e-01
9.57000000,17.37180000,1.391207857612e-01
9.58000000,17.38180000,1.351261617131e-01
9.59000000,17.39180000,1.316483344056e-01
9.60000000,17.40180000,1.287497674330e-01
9.61000000,17.41180000,1.264933464446e-01
9.62000000,17.42180000,1.249411654666e-01
9.63000000,17.43180000,1.241532131332e-01
9.64000000,17.44180000,1.241859867059e-01
9.65000000,17.45180000,1.250910636744e-01
9.66000000,17.46180000,1.269136622063e-01
9.67000000,17.47180000,1.296912227848e-01
9.68000000,17.48180000,1.334520440675e-01
9.69000000,17.49180000,1.382140063053e-01
9.70000000,17.50180000,1.439834155610e-01
9.71000000,17.51180000,1.507540013840e-01
9.72000000,17.52180000,1.585060994744e-01
9.73000000,17.53180000,1.672060490996e-01
9.74000000,17.54180000,1.768058325187e-01
9.75000000,17.55180000,1.872429803389e-01
9.76000000,17.56180000,1.984407625043e-01
9.77000000,17.57180000,2.103086794671e-01
9.78000000,17.58180000,2.227432620219e-01
9.79000000,17.59180000,2.356291813597e-01
9.80000000,17.60180000,2.488406632293e-01
9.81000000,17.61180000,2.622431918626e-01
9.82000000,17.62180000,2.756954807537e-01
9.83000000,17.63180000,2.890516787605e-01
9.84000000,17.64180000,3.021637716401e-01
9.85000000,17.65180000,3.148841313787e-01
9.86000000,17.66180000,3.270681588798e-01
9.87000000,17.67180000,3.385769600656e-01
9.88000000,17.68180000,3.492799915380e-01
9.89000000,17.69180000,3.590576098779e-01
9.90000000,17.70180000,3.678034586373e-01
9.91000000,17.71180000,3.754266291882e-01
9.92000000,17.72180000,3.818535358640e-01
9.93000000,17.73180000,3.870294521718e-01
9.94000000,17.74180000,3.909196631053e-01
9.95000000,17.75180000,3.935101984682e-01
9.96000000,17.76180000,3.948081233116e-01
9.97000000,17.77180000,3.948413736684e-01
9.98000000,17.78180000,3.936581383098e-01
9.99000000,17.79180000,3.913257997883e-01
10.00000000,17.80180000,3.879294600956e-01
10.01000000,17.81180000,3.835700874445e-01
10.02000000,17.82180000,3.783623305689e-01
10.03000000,17.83180000,3.724320552252e-01
10.04000000,17.84180000,3.659136640202e-01
10.05000000,17.85180000,3.589472651302e-01
10.06000000,17.86180000,3.516757578549e-01
10.07000000,17.87180000,3.442419032908e-01
10.08000000,17.88180000,3.367854468202e-01
10.09000000,17.89180000,3.294403557738e-01
10.10000000,17.90180000,3.223322307719e-01
10.11000000,17.91180000,3.155759431514e-01
10.12000000,17.92180000,3.092735438460e-01
10.13000000,17.93180000,3.035124813840e-01
10.14000000,17.94180000,2.983641586071e-01
10.15000000,17.95180000,2.938828495245e-01
10.16000000,17.96180000,2.901049896367e-01
10.17000000,17.97180000,2.870488452515e-01
10.18000000,17.98180000,2.847145599047e-01
10.19000000,17.99180000,2.830845690722e-01
10.20000000,18.00180000,2.821243679579e-01
10.21000000,18.01180000,2.817836112901e-01
10.22000000,18.02180000,2.819975187385e-01
10.23000000,18.03180000,2.826885547739e-01
10.24000000,18.04180000,2.837683475102e-01
10.25000000,18.05180000,2.851398073037e-01
10.26000000,18.06180000,2.866994026367e-01
10.27000000,18.07180000,2.883395481321e-01
10.28000000,18.08180000,2.899510574802e-01
10.29000000,18.09180000,2.914256126799e-01
10.30000000,18.10180000,2.926582004006e-01
10.31000000,18.11180000,2.935494665313e-01
10.32000000,18.12180000,2.940079411987e-01
10.33000000,18.13180000,2.939520887537e-01
10.34000000,18.14180000,2.933121404998e-01
10.35000000,18.15180000,2.920316722518e-01
10.36000000,18.16180000,2.900688941345e-01
10.37000000,18.17180000,2.873976262657e-01
10.38000000,18.18180000,2.840079409728e-01
10.39000000,18.19180000,2.799064597901e-01
10.40000000,18.20180000,2.751163014498e-01
10.41000000,18.21180000,2.696766851661e-01
10.42000000,18.22180000,2.636422014567e-01
10.43000000,18.23180000,2.570817702865e-01
10.44000000,18.24180000,2.500773131974e-01
10.45000000,18.25180000,2.427221720906e-01
10.46000000,18.26180000,2.351193122644e-01
10.47000000,18.27180000,2.273793510504e-01
10.48000000,18.28180000,2.196184558526e-01
10.49000000,18.29180000,2.119561565675e-01
10.50000000,18.30180000,2.045131172787e-01
10.51000000,18.31180000,1.974089108854e-01
10.52000000,18.32180000,1.907598380669e-01
10.53000000,18.33180000,1.846768288992e-01
10.54000000,18.34180000,1.792634617096e-01
10.55000000,18.35180000,1.746141296048e-01
10.56000000,18.36180000,1.708123807294e-01
10.57000000,18.37180000,1.679294539109e-01
10.58000000,18.38180000,1.660230270622e-01
10.59000000,18.39180000,1.651361916963e-01
10.60000000,18.40180000,1.652966632127e-01
10.61000000,18.41180000,1.665162333063e-01
10.62000000,18.42180000,1.687904679097e-01
10.63000000,18.43180000,1.720986514709e-01
10.64000000,18.44180000,1.764039760235e-01
10.65000000,18.45180000,1.816539713311e-01
10.66000000,18.46180000,1.877811702784e-01
10.67000000,18.47180000,1.947040015437e-01
10.68000000,18.48180000,2.023278993218e-01
10.69000000,18.49180000,2.105466174196e-01
10.70000000,18.50180000,2.192437323695e-01
10.71000000,18.51180000,2.282943173010e-01
10.72000000,18.52180000,2.375667652174e-01
10.73000000,18.53180000,2.469247371129e-01
10.74000000,18.54180000,2.562292071387e-01
10.75000000,18.55180000,2.653405739408e-01
10.76000000,18.56180000,2.741208044794e-01
10.77000000,18.57180000,2.824355742920e-01
10.78000000,18.58180000,2.901563664369e-01
10.79000000,18.59180000,2.971624904076e-01
10.80000000,18.60180000,3.033429822856e-01
10.81000000,18.61180000,3.085983483901e-01
10.82000000,18.62180000,3.128421167604e-01
10.83000000,18.63180000,3.160021639787e-01
10.84000000,18.64180000,3.180217890791e-01
10.85000000,18.65180000,3.188605114991e-01
10.86000000,18.66180000,3.184945760897e-01
10.87000000,18.67180000,3.169171549215e-01
10.88000000,18.68180000,3.141382428043e-01
10.89000000,18.69180000,3.101842508252e-01
10.90000000,18.70180000,3.050973095631e-01
10.91000000,18.71180000,2.989343006861e-01
10.92000000,18.72180000,2.917656421387e-01
10.93000000,18.73180000,2.836738578494e-01
10.94000000,18.74180000,2.747519676317e-01
10.95000000,18.75180000,2.651017365636e-01
10.96000000,18.76180000,2.548318254954e-01
10.97000000,18.77180000,2.440558854000e-01
10.98000000,18.78180000,2.328906380348e-01
10.99000000,18.79180000,2.214539838875e-01
11.00000000,18.80180000,2.098631757230e-01
11.01000000,18.81180000,1.982330923827e-01
11.02000000,18.82180000,1.866746429948e-01
11.03000000,18.83180000,1.752933266387e-01
11.04000000,18.84180000,1.641879670009e-01
11.05000000,18.85180000,1.534496358858e-01
11.06000000,18.86180000,1.431607738391e-01
11.07000000,18.87180000,1.333945107981e-01
11.08000000,18.88180000,1.242141848049e-01
11.09000000,18.89180000,1.156730525323e-01
11.10000000,18.90180000,1.078141818076e-01
11.11000000,18.91180000,1.006705135273e-01
11.12000000,18.92180000,9.426507837198e-02
11.13000000,18.93180000,8.861135251726e-02
11.14000000,18.94180000,8.371373605138e-02
11.15000000,18.95180000,7.956813793654e-02
11.16000000,18.96180000,7.616265198178e-02
11.17000000,18.97180000,7.347830927769e-02
11.18000000,18.98180000,7.148989372916e-02
11.19000000,18.99180000,7.016680855823e-02
11.20000000,19.00180000,6.947398279286e-02
11.21000000,19.01180000,6.937280768352e-02
11.22000000,19.02180000,6.982209359980e-02
11.23000000,19.03180000,7.077903818691e-02
11.24000000,19.04180000,7.220019637455e-02
11.25000000,19.05180000,7.404244223663e-02
11.26000000,19.06180000,7.626391174214e-02
11.27000000,19.07180000,7.882491419587e-02
11.28000000,19.08180000,8.168879875207e-02
11.29000000,19.09180000,8.482276092975e-02
11.30000000,19.10180000,8.819857271574e-02
11.31000000,19.11180000,9.179321877085e-02
11.32000000,19.12180000,9.558942061242e-02
11.33000000,19.13180000,9.957603057939e-02
11.34000000,19.14180000,1.037482780200e-01
11.35000000,19.15180000,1.081078515732e-01
11.36000000,19.16180000,1.126628037053e-01
11.37000000,19.17180000,1.174272668288e-01
11.38000000,19.18180000,1.224209743531e-01
11.39000000,19.19180000,1.276685848124e-01
11.40000000,19.20180000,1.331988126840e-01
11.41000000,19.21180000,1.390433754731e-01
11.42000000,19.22180000,1.452357729210e-01
11.43000000,19.23180000,1.518099205485e-01
11.44000000,19.24180000,1.587986659452e-01
11.45000000,19.25180000,1.662322219866e-01
11.46000000,19.26180000,1.741365562626e-01
11.47000000,19.27180000,1.825317801702e-01
11.48000000,19.28180000,1.914305841511e-01
11.49000000,19.29180000,2.008367672431e-01
11.50000000,19.30180000,2.107439093112e-01
11.51000000,19.31180000,2.211342329410e-01
11.52000000,19.32180000,2.319776989576e-01
11.53000000,19.33180000,2.432313749088e-01
11.54000000,19.34180000,2.548391096910e-01
11.55000000,19.35180000,2.667315399466e-01
11.56000000,19.36180000,2.788264451209e-01
11.57000000,19.37180000,2.910294583906e-01
11.58000000,19.38180000,3.032351303522e-01
11.59000000,19.39180000,3.153283317364e-01
11.60000000,19.40180000,3.271859708313e-01
11.61000000,19.41180000,3.386789911381e-01
11.62000000,19.42180000,3.496746053963e-01
11.63000000,19.43180000,3.600387138592e-01
11.64000000,19.44180000,3.696384478840e-01
11.65000000,19.45180000,3.783447747986e-01
11.66000000,19.46180000,3.860350968291e-01
11.67000000,19.47180000,3.925957757741e-01
11.68000000,19.48180000,3.979245161657e-01
11.69000000,19.49180000,4.019325428548e-01
11.70000000,19.50180000,4.045465142320e-01
11.71000000,19.51180000,4.057101194665e-01
11.72000000,19.52180000,4.053853169983e-01
11.73000000,19.53180000,4.035531817424e-01
11.74000000,19.54180000,4.002143397193e-01
11.75000000,19.55180000,3.953889807103e-01
11.76000000,19.56180000,3.891164516500e-01
11.77000000,19.57180000,3.814544453759e-01
11.78000000,19.58180000,3.724778106542e-01
11.79000000,19.59180000,3.622770197026e-01
11.80000000,19.60180000,3.509563383921e-01
11.81000000,19.61180000,3.386317516462e-01
11.82000000,19.62180000,3.254287020422e-01
11.83000000,19.63180000,3.114797031223e-01
11.84000000,19.64180000,2.969218903577e-01
11.85000000,19.65180000,2.818945721180e-01
11.86000000,19.66180000,2.665368404484e-01
11.87000000,19.67180000,2.509852971345e-01
11.88000000,19.68180000,2.353719446528e-01
11.89000000,19.69180000,2.198222844512e-01
11.90000000,19.70180000,2.044536568802e-01
11.91000000,19.71180000,1.893738483575e-01
11.92000000,19.72180000,1.746799823151e-01
11.93000000,19.73180000,1.604577015033e-01
11.94000000,19.74180000,1.467806406131e-01
11.95000000,19.75180000,1.337101802017e-01
11.96000000,19.76180000,1.212954658139e-01
11.97000000,19.77180000,1.095736701500e-01
11.98000000,19.78180000,9.857047128843e-02
11.99000000,19.79180000,8.830071637940e-02
12.00000000,19.80180000,7.876923792284e-02
12.01000000,19.81180000,6.997178868086e-02
12.02000000,19.82180000,6.189606137987e-02
12.03000000,19.83180000,5.452276051277e-02
12.04000000,19.84180000,4.782669560783e-02
12.05000000,19.85180000,4.177786812396e-02
12.06000000,19.86180000,3.634252748112e-02
12.07000000,19.87180000,3.148417546008e-02
12.08000000,19.88180000,2.716450213137e-02
12.09000000,19.89180000,2.334424043629e-02
12.10000000,19.90180000,1.998393039710e-02
12.11000000,19.91180000,1.704458755641e-02
12.12000000,19.92180000,1.448827353737e-02
12.13000000,19.93180000,1.227856950404e-02
12.14000000,19.94180000,1.038095573698e-02
12.15000000,19.95180000,8.763102499214e-03
12.16000000,19.96180000,7.395078851253e-03
12.17000000,19.97180000,6.249487098464e-03
12.18000000,19.98180000,5.301531153138e-03
12.19000000,19.99180000,4.529027313995e-03
12.20000000,20.00180000,3.912365861710e-03
12.21000000,20.01180000,3.434431500822e-03
12.22000000,20.02180000,3.080490108260e-03
12.23000000,20.03180000,2.838048538090e-03
12.24000000,20.04180000,2.696693439436e-03
12.25000000,20.05180000,2.647914223048e-03
12.26000000,20.06180000,2.684914508500e-03
12.27000000,20.07180000,2.802415637568e-03
12.28000000,20.08180000,2.996455180861e-03
12.29000000,20.09180000,3.264182816533e-03
12.30000000,20.10180000,3.603655535683e-03
12.31000000,20.11180000,4.013633834288e-03
12.32000000,20.12180000,4.493380384018e-03
12.33000000,20.13180000,5.042462624649e-03
12.34000000,20.14180000,5.660560773602e-03
12.35000000,20.15180000,6.347282882585e-03
12.36000000,20.16180000,7.101988762725e-03
12.37000000,20.17180000,7.923624820283e-03
12.38000000,20.18180000,8.810572065953e-03
12.39000000,20.19180000,9.760509752512e-03
12.40000000,20.20180000,1.077029723019e-02
12.41000000,20.21180000,1.183587666108e-02
12.42000000,20.22180000,1.295219918143e-02
12.43000000,20.23180000,1.411317692782e-02
12.44000000,20.24180000,1.531166303887e-02
12.45000000,20.25180000,1.653946130549e-02
12.46000000,20.26180000,1.778736657368e-02
12.47000000,20.27180000,1.904523631538e-02
12.48000000,20.28180000,2.030209299538e-02
12.49000000,20.29180000,2.154625599964e-02
12.50000000,20.30180000,2.276550098641e-02
12.51000000,20.31180000,2.394724361078e-02
12.52000000,20.32180000,2.507874369603e-02
12.53000000,20.33180000,2.614732512138e-02
12.54000000,20.34180000,2.714060600424e-02
12.55000000,20.35180000,2.804673321338e-02
12.56000000,20.36180000,2.885461488678e-02
12.57000000,20.37180000,2.955414447130e-02
12.58000000,20.38180000,3.013640986381e-02
12.59000000,20.39180000,3.059388152422e-02
12.60000000,20.40180000,3.092057394432e-02
12.61000000,20.41180000,3.111217557988e-02
12.62000000,20.42180000,3.116614326253e-02
12.63000000,20.43180000,3.108175817043e-02
12.64000000,20.44180000,3.086014161246e-02
12.65000000,20.45180000,3.050423012403e-02
12.66000000,20.46180000,3.001871063486e-02
12.67000000,20.47180000,2.940991770004e-02
12.68000000,20.48180000,2.868569593760e-02
12.69000000,20.49180000,2.785523184293e-02
12.70000000,20.50180000,2.692886001525e-02
12.71000000,20.51180000,2.591784950200e-02
12.72000000,20.52180000,2.483417642193e-02
12.73000000,20.53180000,2.369028925499e-02
12.74000000,20.54180000,2.249887318450e-02
12.75000000,20.55180000,2.127261965339e-02
12.76000000,20.56180000,2.002400686877e-02
12.77000000,20.57180000,1.876509638296e-02
12.78000000,20.58180000,1.750735012704e-02
12.79000000,20.59180000,1.626147141126e-02
12.80000000,20.60180000,1.503727247506e-02
12.81000000,20.61180000,1.384357020748e-02
12.82000000,20.62180000,1.268811070653e-02
12.83000000,20.63180000,1.157752243808e-02
12.84000000,20.64180000,1.051729692338e-02
12.85000000,20.65180000,9.511795155749e-03
12.86000000,20.66180000,8.564277339075e-03
12.87000000,20.67180000,7.676953068653e-03
12.88000000,20.68180000,6.851048742294e-03
12.89000000,20.69180000,6.086888797933e-03
12.90000000,20.70180000,5.383987315677e-03
12.91000000,20.71180000,4.741146586855e-03
12.92000000,20.72180000,4.156559424713e-03
12.93000000,20.73180000,3.627912253180e-03
12.94000000,20.74180000,3.152486341843e-03
12.95000000,20.75180000,2.727254936831e-03
12.96000000,20.76180000,2.348974448916e-03
12.97000000,20.77180000,2.014268283174e-03
12.98000000,20.78180000,1.719702312633e-03
12.99000000,20.79180000,1.461851397171e-03
13.00000000,20.80180000,1.237356717342e-03
13.01000000,20.81180000,1.042974022268e-03
13.02000000,20.82180000,8.756131756909e-04
13.03000000,20.83180000,7.323696218086e-04
13.04000000,20.84180000,6.105485820843e-04
13.05000000,20.85180000,5.076829372743e-04
13.06000000,20.86180000,4.215458484269e-04
13.07000000,20.87180000,3.501592307037e-04
13.08000000,20.88180000,2.917992192350e-04
13.09000000,20.89180000,2.449997617836e-04
13.10000000,20.90180000,2.085554434698e-04
13.11000000,20.91180000,1.815245984030e-04
13.12000000,20.92180000,1.632336951966e-04
13.13000000,20.93180000,1.532839004562e-04
13.14000000,20.94180000,1.515606278186e-04
13.15000000,20.95180000,1.582467702646e-04
13.16000000,20.96180000,1.738401895009e-04
13.17000000,20.97180000,1.991758965709e-04
13.18000000,20.98180000,2.354532002027e-04
13.19000000,20.99180000,2.842679210298e-04
13.20000000,21.00180000,3.476495679618e-04
13.21000000,21.01180000,4.281031452174e-04
13.22000000,21.02180000,5.286550032183e-04
13.23000000,21.03180000,6.529018632581e-04
13.24000000,21.04180000,8.050618358776e-04
13.25000000,21.05180000,9.900259196159e-04
13.26000000,21.06180000,1.213408116177e-03
13.27000000,21.07180000,1.481591938840e-03
13.28000000,21.08180000,1.801770734942e-03
13.29000000,21.09180000,2.181978905406e-03
13.30000000,21.10180000,2.631110802427e-03
13.31000000,21.11180000,3.158923841116e-03
13.32000000,21.12180000,3.776022194713e-03
13.33000000,21.13180000,4.493817379858e-03
13.34000000,21.14180000,5.324462102279e-03
13.35000000,21.15180000,6.280753947365e-03
13.36000000,21.16180000,7.376005884661e-03
13.37000000,21.17180000,8.623881126800e-03
13.38000000,21.18180000,1.003819065211e-02
13.39000000,21.19180000,1.163265266895e-02
13.40000000,21.20180000,1.342061446270e-02
13.41000000,21.21180000,1.541473840638e-02
13.42000000,21.22180000,1.762665540558e-02
13.43000000,21.23180000,2.006659064829e-02
13.44000000,21.24180000,2.274296818857e-02
13.45000000,21.25180000,2.566200254956e-02
13.46000000,21.26180000,2.882728711371e-02
13.47000000,21.27180000,3.223939050032e-02
13.48000000,21.28180000,3.589547333115e-02
13.49000000,21.29180000,3.978893867279e-02
13.50000000,21.30180000,4.390912994353e-02
13.51000000,21.31180000,4.824109011515e-02
13.52000000,21.32180000,5.276539557092e-02
13.53000000,21.33180000,5.745807696454e-02
13.54000000,21.34180000,6.229063784439e-02
13.55000000,21.35180000,6.723017967294e-02
13.56000000,21.36180000,7.223963921829e-02
13.57000000,21.37180000,7.727814118586e-02
13.58000000,21.38180000,8.230146548324e-02
13.59000000,21.39180000,8.726262478409e-02
13.60000000,21.40180000,9.211254421103e-02
13.61000000,21.41180000,9.680083114345e-02
13.62000000,21.42180000,1.012766195327e-01
13.63000000,21.43180000,1.054894698333e-01
13.64000000,21.44180000,1.093903028895e-01
13.65000000,21.45180000,1.129323439933e-01
13.66000000,21.46180000,1.160720519636e-01
13.67000000,21.47180000,1.187700075877e-01
13.68000000,21.48180000,1.209917361524e-01
13.69000000,21.49180000,1.227084401085e-01
13.70000000,21.50180000,1.238976201145e-01
13.71000000,21.51180000,1.245435657422e-01
13.72000000,21.52180000,1.246377008828e-01
13.73000000,21.53180000,1.241787732399e-01
13.74000000,21.54180000,1.231728820534e-01
13.75000000,21.55180000,1.216333431998e-01
13.76000000,21.56180000,1.195803958363e-01
13.77000000,21.57180000,1.170407596261e-01
13.78000000,21.58180000,1.140470560837e-01
13.79000000,21.59180000,1.106371115570e-01
13.80000000,21.60180000,1.068531626541e-01
13.81000000,21.61180000,1.027409874238e-01
13.82000000,21.62180000,9.834898721348e-02
13.83000000,21.63180000,9.372724483890e-02
13.84000000,21.64180000,8.892658448496e-02
13.85000000,21.65180000,8.399765767818e-02
13.86000000,21.66180000,7.899007779161e-02
13.87000000,21.67180000,7.395162297900e-02
13.88000000,21.68180000,6.892752431603e-02
13.89000000,21.69180000,6.395985240434e-02
13.90000000,21.70180000,5.908701192597e-02
13.91000000,21.71180000,5.434334978427e-02
13.92000000,21.72180000,4.975887868306e-02
13.93000000,21.73180000,4.535911442158e-02
13.94000000,21.74180000,4.116502193777e-02
13.95000000,21.75180000,3.719306231607e-02
13.96000000,21.76180000,3.345533065951e-02
13.97000000,21.77180000,2.995977295474e-02
13.98000000,21.78180000,2.671046885059e-02
13.99000000,21.79180000,2.370796661847e-02
14.00000000,21.80180000,2.094965643622e-02
14.01000000,21.81180000,1.843016848770e-02
14.02000000,21.82180000,1.614178313361e-02
14.03000000,21.83180000,1.407484151146e-02
14.04000000,21.84180000,1.221814628432e-02
14.05000000,21.85180000,1.055934379686e-02
14.06000000,21.86180000,9.085280535455e-03
14.07000000,21.87180000,7.782328452316e-03
14.08000000,21.88180000,6.636675337417e-03
14.09000000,21.89180000,5.634577951593e-03
14.10000000,21.90180000,4.762577025604e-03
14.11000000,21.91180000,4.007674451867e-03
14.12000000,21.92180000,3.357474027361e-03
14.13000000,21.93180000,2.800287938328e-03
14.14000000,21.94180000,2.325211809849e-03
14.15000000,21.95180000,1.922171584208e-03
14.16000000,21.96180000,1.581945755732e-03
14.17000000,21.97180000,1.296166595917e-03
14.18000000,21.98180000,1.057303973612e-03
14.19000000,21.99180000,8.586352349804e-04
14.20000000,22.00180000,6.942043814268e-04
14.21000000,22.01180000,5.587734941067e-04
14.22000000,22.02180000,4.477690230874e-04
14.23000000,22.03180000,3.572252070225e-04
14.24000000,22.04180000,2.837265321595e-04
14.25000000,22.05180000,2.243507912631e-04
14.26000000,22.06180000,1.766139743308e-04
14.27000000,22.07180000,1.384179215816e-04
14.28000000,22.08180000,1.080014002874e-04
14.29000000,22.09180000,8.389503338557e-05
14.30000000,22.10180000,6.488031031251e-05
14.31000000,22.11180000,4.995274836973e-05
14.32000000,22.12180000,3.828914420501e-05
14.33000000,22.13180000,2.921875680338e-05
14.34000000,22.14180000,2.219819233767e-05
14.35000000,22.15180000,1.678971362882e-05
14.36000000,22.16180000,1.264266905698e-05
14.37000000,22.17180000,9.477723901548e-06
14.38000000,22.18180000,7.073577865316e-06
14.39000000,22.19180000,5.255862880550e-06
14.40000000,22.20180000,3.887932502581e-06
14.41000000,22.21180000,2.863275974358e-06
14.42000000,22.22180000,2.099314492580e-06
14.43000000,22.23180000,1.532362802192e-06
14.44000000,22.24180000,1.113564815576e-06
14.45000000,22.25180000,8.056366262921e-07
14.46000000,22.26180000,5.802734579485e-07
14.47000000,22.27180000,4.160983680108e-07
14.48000000,22.28180000,2.970497020142e-07
14.49000000,22.29180000,2.111212905361e-07
14.50000000,22.30180000,1.493842273562e-07
14.51000000,22.31180000,1.052318633836e-07
14.52000000,22.32180000,7.380054661739e-08
14.53000000,22.33180000,5.152781164644e-08
14.54000000,22.34180000,3.581736404421e-08
14.55000000,22.35180000,2.478650796974e-08
14.56000000,22.36180000,1.707681497120e-08
14.57000000,22.37180000,1.171300158788e-08
14.58000000,22.38180000,7.998330280729e-09
14.59000000,22.39180000,5.437512492460e-09
14.60000000,22.40180000,3.680196466239e-09
14.61000000,22.41180000,2.479770804389e-09
14.62000000,22.42180000,1.663496469059e-09
14.63000000,22.43180000,1.110969219428e-09
14.64000000,22.44180000,7.386725696993e-10
14.65000000,22.45180000,4.889581841633e-10
14.66000000,22.46180000,3.222265116728e-10
14.67000000,22.47180000,2.114076127642e-10
14.68000000,22.48180000,1.380860405143e-10
14.69000000,22.49180000,8.979429267273e-11
14.70000000,22.50180000,5.813229824941e-11
14.71000000,22.51180000,3.746761548716e-11
14.72000000,22.52180000,2.404165819950e-11
14.73000000,22.53180000,1.535828012835e-11
14.74000000,22.54180000,9.767660431676e-12
14.75000000,22.55180000,6.184553117706e-12
14.76000000,22.56180000,3.898485264502e-12
14.77000000,22.57180000,2.446545361261e-12
14.78000000,22.58180000,1.528552818167e-12
14.79000000,22.59180000,9.507742914800e-13
14.80000000,22.60180000,5.887680198616e-13
14.81000000,22.61180000,3.629784125573e-13
14.82000000,22.62180000,2.227856346692e-13
14.83000000,22.63180000,1.361329867688e-13
14.84000000,22.64180000,8.281506834067e-14
14.85000000,22.65180000,5.015626154567e-14
14.86000000,22.66180000,3.024201709148e-14
14.87000000,22.67180000,1.815374174644e-14
14.88000000,22.68180000,1.084904107930e-14
14.89000000,22.69180000,6.454853005507e-15
14.90000000,22.70180000,3.823412555481e-15
14.91000000,22.71180000,2.254684449875e-15
14.92000000,22.72180000,1.323701861271e-15
14.93000000,22.73180000,7.736853826657e-16
14.94000000,22.74180000,4.502030224144e-16
14.95000000,22.75180000,2.608087893114e-16
14.96000000,22.76180000,1.504200893312e-16
14.97000000,22.77180000,8.636927293909e-17
14.98000000,22.78180000,4.937220089266e-17
14.99000000,22.79180000,2.809800681418e-17
15.00000000,22.80180000,1.591982692180e-17
15.01000000,22.81180000,8.979889084391e-18
15.02000000,22.82180000,5.042819289940e-18
15.03000000,22.83180000,2.819328234751e-18
15.04000000,22.84180000,1.569233887995e-18
15.05000000,22.85180000,8.695599284112e-19
15.06000000,22.86180000,4.797126382244e-19
15.07000000,22.87180000,2.634708695341e-19
15.08000000,22.88180000,1.440634634554e-19
15.09000000,22.89180000,7.842326161300e-20
15.10000000,22.90180000,4.250164622211e-20
15.11000000,22.91180000,2.293170813597e-20
15.12000000,22.92180000,1.231790532009e-20
15.13000000,22.93180000,6.587295105268e-21
15.14000000,22.94180000,3.507092176063e-21
15.15000000,22.95180000,1.858904348591e-21
15.16000000,22.96180000,9.809270449940e-22
15.17000000,22.97180000,5.153308903675e-22
15.18000000,22.98180000,2.695289664009e-22
15.19000000,22.99180000,1.403442157336e-22
15.20000000,23.00180000,7.275341645872e-23
15.21000000,23.01180000,3.754759018233e-23
15.22000000,23.02180000,1.929214636118e-23
15.23000000,23.03180000,9.868447371786e-24
15.24000000,23.04180000,5.025588357941e-24
15.25000000,23.05180000,2.547972866733e-24
15.26000000,23.06180000,1.286093333680e-24
15.27000000,23.07180000,6.462789007795e-25
15.28000000,23.08180000,3.233234992860e-25
15.29000000,23.09180000,1.610365158139e-25
15.30000000,23.10180000,7.985116615692e-26
15.31000000,23.11180000,3.941921421205e-26
15.32000000,23.12180000,1.937333841300e-26
15.33000000,23.13180000,9.479179977229e-27
15.34000000,23.14180000,4.617499698467e-27
15.35000000,23.15180000,2.239302601780e-27
15.36000000,23.16180000,1.081156331373e-27
15.37000000,23.17180000,5.196776142787e-28
15.38000000,23.18180000,2.486848481009e-28
15.39000000,23.19180000,1.184771076925e-28
15.40000000,23.20180000,5.619392453928e-29
15.41000000,23.21180000,2.653469418424e-29
15.42000000,23.22180000,1.247408249225e-29
15.43000000,23.23180000,5.838118946618e-30
15.44000000,23.24180000,2.720239037512e-30
15.45000000,23.25180000,1.261859497288e-30
15.46000000,23.26180000,5.827532912884e-31
15.47000000,23.27180000,2.679342738312e-31
15.48000000,23.28180000,1.226426738638e-31
15.49000000,23.29180000,5.588879572185e-32
15.50000000,23.30180000,2.535582204664e-32
15.51000000,23.31180000,1.145250370401e-32
15.52000000,23.32180000,5.149831139843e-33
15.53000000,23.33180000,2.305448044310e-33
15.54000000,23.34180000,1.027513394730e-33
15.55000000,23.35180000,4.559208430946e-34
15.56000000,23.36180000,2.014008060517e-34
15.57000000,23.37180000,8.857328742792e-35
15.58000000,23.38180000,3.878056444420e-35
15.59000000,23.39180000,1.690422598894e-35
15.60000000,23.40180000,7.335779294132e-36
15.61000000,23.41180000,3.169326816915e-36
15.62000000,23.42180000,1.363193782134e-36
15.63000000,23.43180000,5.837380055318e-37
15.64000000,23.44180000,2.488560168729e-37
15.65000000,23.45180000,1.056204767935e-37
15.66000000,23.46180000,4.462907689139e-38
15.67000000,23.47180000,1.877402909619e-38
15.68000000,23.48180000,7.862612482868e-39
15.69000000,23.49180000,3.278280110020e-39
15.70000000,23.50180000,1.360802342793e-39
15.71000000,23.51180000,5.623592462183e-40
15.72000000,23.52180000,2.313675428101e-40
15.73000000,23.53180000,9.476780697446e-41
15.74000000,23.54180000,3.864461895946e-41
15.75000000,23.55180000,1.568870260168e-41
15.76000000,23.56180000,6.340957375900e-42
15.77000000,23.57180000,2.551481592612e-42
15.78000000,23.58180000,1.022115201605e-42
15.79000000,23.59180000,4.076402485519e-43
15.80000000,23.60180000,1.618542360638e-43
15.81000000,23.61180000,6.397950639310e-44
15.82000000,23.62180000,2.517836368250e-44
15.83000000,23.63180000,9.864700897719e-45
15.84000000,23.64180000,3.847779208108e-45
15.85000000,23.65180000,1.494191176979e-45
15.86000000,23.66180000,5.776595984241e-46
15.87000000,23.67180000,2.223348914231e-46
15.88000000,23.68180000,8.519479331818e-47
15.89000000,23.69180000,3.250036863187e-47
15.90000000,23.70180000,1.234335792375e-47
15.91000000,23.71180000,4.667111326602e-48
15.92000000,23.72180000,1.756842385287e-48
15.93000000,23.73180000,6.583960900446e-49
15.94000000,23.74180000,2.456470131716e-49
15.95000000,23.75180000,9.124425614337e-50
15.96000000,23.76180000,3.374188837909e-50
15.97000000,23.77180000,1.242232925602e-50
15.98000000,23.78180000,4.553092674629e-51
15.99000000,23.79180000,1.661421194647e-51
16.00000000,23.80180000,6.035632731155e-52
