
     Program BANDS v.7.5 starts on  4Aug2026 at 22:27: 3 

     This program is part of the open-source Quantum ESPRESSO suite
     for quantum simulation of materials; please cite
         "P. Giannozzi et al., J. Phys.:Condens. Matter 21 395502 (2009);
         "P. Giannozzi et al., J. Phys.:Condens. Matter 29 465901 (2017);
         "P. Giannozzi et al., J. Chem. Phys. 152 154105 (2020);
          URL http://www.quantum-espresso.org", 
     in publications or presentations arising from this work. More details at
     http://www.quantum-espresso.org/quote

     Parallel version (MPI & OpenMP), running on      32 processor cores
     Number of MPI processes:                 1
     Threads/MPI process:                    32

     MPI processes distributed on     1 nodes
     61760 MiB available memory on the printing compute node when the environment starts
 

     Reading xml data from directory:

     ./out/si_cod9013102_fullzone.save/

     IMPORTANT: XC functional enforced from input :
     Exchange-correlation= PBE
                           (   1   4   3   4   0   0   0)
     Any further DFT definition will be discarded
     Please, verify this is what you really want

 
     G-vector sticks info
     --------------------
     sticks:   dense  smooth     PW     G-vecs:    dense   smooth      PW
     Sum        1159     583    199                26229     9257    1759
 
     Using Slab Decomposition
 
     Reading collected, re-writing distributed wavefunctions
     high-symmetry point:  0.0000 0.0000 0.0000   x coordinate   0.0000
     high-symmetry point:  0.2652 0.2652-0.2652   x coordinate   0.4593
     high-symmetry point: -0.3536-0.3536 0.3536   x coordinate   0.4593
     high-symmetry point:  0.0884-0.0884 0.0884   x coordinate   1.0389
     high-symmetry point:  0.3536 0.1768-0.1768   x coordinate   1.4982
     high-symmetry point: -0.2652-0.4419 0.4419   x coordinate   1.4982
     high-symmetry point:  0.0000-0.1768 0.1768   x coordinate   1.9574
     high-symmetry point:  0.1768-0.1768 0.1768   x coordinate   2.1342
     high-symmetry point:  0.4419 0.0884-0.0884   x coordinate   2.5935
     high-symmetry point: -0.1768-0.5303 0.5303   x coordinate   2.5935
     high-symmetry point:  0.0884-0.2652 0.2652   x coordinate   3.0528
     high-symmetry point:  0.2652-0.2652 0.2652   x coordinate   3.2296
     high-symmetry point:  0.5303 0.0000 0.0000   x coordinate   3.6888
     high-symmetry point: -0.0884-0.6187 0.6187   x coordinate   3.6888
     high-symmetry point:  0.1768-0.3536 0.3536   x coordinate   4.1481
     high-symmetry point: -0.3536 0.3536-0.3536   x coordinate   4.1481
     high-symmetry point: -0.0884 0.6187-0.6187   x coordinate   4.6074
     high-symmetry point: -0.7071 0.0000 0.0000   x coordinate   4.6074
     high-symmetry point: -0.0884 0.0884 0.0884   x coordinate   5.2386
     high-symmetry point:  0.1768 0.3536-0.1768   x coordinate   5.6979
     high-symmetry point: -0.4419-0.2652 0.4419   x coordinate   5.6979
     high-symmetry point: -0.1768 0.0000 0.1768   x coordinate   6.1572
     high-symmetry point:  0.0000 0.0000 0.1768   x coordinate   6.3339
     high-symmetry point:  0.2652 0.2652-0.0884   x coordinate   6.7932
     high-symmetry point: -0.3536-0.3536 0.5303   x coordinate   6.7932
     high-symmetry point: -0.0884-0.0884 0.2652   x coordinate   7.2525
     high-symmetry point:  0.0884-0.0884 0.2652   x coordinate   7.4293
     high-symmetry point:  0.3536 0.1768 0.0000   x coordinate   7.8886
     high-symmetry point: -0.2652-0.4419 0.6187   x coordinate   7.8886
     high-symmetry point:  0.0000-0.1768 0.3536   x coordinate   8.3478
     high-symmetry point:  0.1768-0.1768 0.3536   x coordinate   8.5246
     high-symmetry point:  0.4419 0.0884 0.0884   x coordinate   8.9839
     high-symmetry point: -0.1768-0.5303 0.7071   x coordinate   8.9839
     high-symmetry point:  0.0884-0.2652 0.4419   x coordinate   9.4432
     high-symmetry point: -0.4419 0.4419-0.2652   x coordinate   9.4432
     high-symmetry point: -0.1768 0.7071-0.5303   x coordinate   9.9025
     high-symmetry point: -0.7955 0.0884 0.0884   x coordinate   9.9025
     high-symmetry point: -0.5303 0.3536-0.1768   x coordinate  10.3617
     high-symmetry point: -0.3536 0.3536-0.1768   x coordinate  10.5385
     high-symmetry point: -0.0884 0.6187-0.4419   x coordinate  10.9978
     high-symmetry point: -0.7071 0.0000 0.1768   x coordinate  10.9978
     high-symmetry point: -0.4419 0.2652-0.0884   x coordinate  11.4571
     high-symmetry point: -0.2652 0.2652-0.0884   x coordinate  11.6338
     high-symmetry point:  0.0000 0.5303-0.3536   x coordinate  12.0931
     high-symmetry point: -0.6187-0.0884 0.2652   x coordinate  12.0931
     high-symmetry point: -0.3536 0.1768 0.0000   x coordinate  12.5524
     high-symmetry point: -0.1768 0.1768 0.0000   x coordinate  12.7292
     high-symmetry point:  0.0884 0.4419-0.2652   x coordinate  13.1885
     high-symmetry point: -0.5303-0.1768 0.3536   x coordinate  13.1885
     high-symmetry point: -0.2652 0.0884 0.0884   x coordinate  13.6477
     high-symmetry point: -0.1768 0.1768 0.1768   x coordinate  13.8008
     high-symmetry point:  0.0884 0.4419-0.0884   x coordinate  14.2601
     high-symmetry point: -0.5303-0.1768 0.5303   x coordinate  14.2601
     high-symmetry point: -0.2652 0.0884 0.2652   x coordinate  14.7194
     high-symmetry point: -0.0884 0.0884 0.2652   x coordinate  14.8962
     high-symmetry point:  0.1768 0.3536 0.0000   x coordinate  15.3554
     high-symmetry point: -0.4419-0.2652 0.6187   x coordinate  15.3554
     high-symmetry point: -0.1768 0.0000 0.3536   x coordinate  15.8147
     high-symmetry point:  0.0000 0.0000 0.3536   x coordinate  15.9915
     high-symmetry point:  0.2652 0.2652 0.0884   x coordinate  16.4508
     high-symmetry point: -0.3536-0.3536 0.7071   x coordinate  16.4508
     high-symmetry point: -0.0884-0.0884 0.4419   x coordinate  16.9101
     high-symmetry point:  0.0884-0.0884 0.4419   x coordinate  17.0868
     high-symmetry point:  0.3536 0.1768 0.1768   x coordinate  17.5461
     high-symmetry point: -0.2652-0.4419 0.7955   x coordinate  17.5461
     high-symmetry point:  0.0000-0.1768 0.5303   x coordinate  18.0054
     high-symmetry point: -0.5303 0.5303-0.1768   x coordinate  18.0054
     high-symmetry point: -0.2652 0.7955-0.4419   x coordinate  18.4647
     high-symmetry point: -0.8839 0.1768 0.1768   x coordinate  18.4647
     high-symmetry point: -0.6187 0.4419-0.0884   x coordinate  18.9240
     high-symmetry point: -0.4419 0.4419-0.0884   x coordinate  19.1007
     high-symmetry point: -0.1768 0.7071-0.3536   x coordinate  19.5600
     high-symmetry point: -0.7955 0.0884 0.2652   x coordinate  19.5600
     high-symmetry point: -0.5303 0.3536-0.0000   x coordinate  20.0193
     high-symmetry point: -0.3536 0.3536 0.0000   x coordinate  20.1961
     high-symmetry point: -0.0884 0.6187-0.2652   x coordinate  20.6553
     high-symmetry point: -0.7071 0.0000 0.3536   x coordinate  20.6553
     high-symmetry point: -0.4419 0.2652 0.0884   x coordinate  21.1146
     high-symmetry point: -0.2652 0.2652 0.0884   x coordinate  21.2914
     high-symmetry point:  0.0000 0.5303-0.1768   x coordinate  21.7507
     high-symmetry point: -0.6187-0.0884 0.4419   x coordinate  21.7507
     high-symmetry point: -0.3536 0.1768 0.1768   x coordinate  22.2100
     high-symmetry point: -0.2652 0.2652 0.2652   x coordinate  22.3631
     high-symmetry point:  0.0000 0.5303 0.0000   x coordinate  22.8223
     high-symmetry point: -0.6187-0.0884 0.6187   x coordinate  22.8223
     high-symmetry point: -0.3536 0.1768 0.3536   x coordinate  23.2816
     high-symmetry point: -0.1768 0.1768 0.3536   x coordinate  23.4584
     high-symmetry point:  0.0884 0.4419 0.0884   x coordinate  23.9177
     high-symmetry point: -0.5303-0.1768 0.7071   x coordinate  23.9177
     high-symmetry point: -0.2652 0.0884 0.4419   x coordinate  24.3769
     high-symmetry point: -0.0884 0.0884 0.4419   x coordinate  24.5537
     high-symmetry point:  0.1768 0.3536 0.1768   x coordinate  25.0130
     high-symmetry point: -0.4419-0.2652 0.7955   x coordinate  25.0130
     high-symmetry point: -0.1768 0.0000 0.5303   x coordinate  25.4723
     high-symmetry point:  0.0000 0.0000 0.5303   x coordinate  25.6491
     high-symmetry point:  0.2652 0.2652 0.2652   x coordinate  26.1083
     high-symmetry point: -0.3536-0.3536 0.8839   x coordinate  26.1083
     high-symmetry point: -0.0884-0.0884 0.6187   x coordinate  26.5676
     high-symmetry point: -0.6187 0.6187-0.0884   x coordinate  26.5676
     high-symmetry point: -0.3536 0.8839-0.3536   x coordinate  27.0269
     Message from routine punch_plottable_bands:
     too many lines, exiting
     Bands written to file si-fullzone.bands.dat

 **************************************************************************

                    xk=(   0.00000,   0.00000,   0.00000  )

     point group C_1 (1)    
     there are  1 classes
     the character table:

       E    
A      1.00

     the symmetry operations in each class and the name of the first element:

     E        1
                                                                 

     Band symmetry, C_1 (1)     point group:

     e(  1 -  1) =     -5.75782  eV     1   --> A              
     e(  2 -  4) =      6.20544  eV     3   -->   3 A              
     e(  5 -  7) =      8.76793  eV     3   -->   3 A              
     e(  8 -  8) =      9.56737  eV     1   --> A              

 **************************************************************************

 **************************************************************************

                    xk=(   0.08839,   0.08839,  -0.08839  )

     Band symmetry, C_1 (1)     point group:

     e(  1 -  1) =     -5.55371  eV     1   --> A              
     e(  2 -  2) =      4.60566  eV     1   --> A              
     e(  3 -  4) =      5.91605  eV     2   -->   2 A              
     e(  5 -  5) =      8.70690  eV     1   --> A              
     e(  6 -  7) =      9.19277  eV     2   -->   2 A              
     e(  8 -  8) =     10.91477  eV     1   --> A              

 **************************************************************************

 **************************************************************************

                    xk=(   0.17678,   0.17678,  -0.17678  )

     Band symmetry, C_1 (1)     point group:

     e(  1 -  1) =     -4.95822  eV     1   --> A              
     e(  2 -  2) =      2.27660  eV     1   --> A              
     e(  3 -  4) =      5.44482  eV     2   -->   2 A              
     e(  5 -  5) =      8.23404  eV     1   --> A              
     e(  6 -  7) =      9.71176  eV     2   -->   2 A              
     e(  8 -  8) =     13.12359  eV     1   --> A              

 **************************************************************************

 **************************************************************************

                    xk=(   0.26517,   0.26517,  -0.26517  )

     Band symmetry, C_1 (1)     point group:

     e(  1 -  1) =     -4.06452  eV     1   --> A              
     e(  2 -  2) =      0.25606  eV     1   --> A              
     e(  3 -  4) =      5.11748  eV     2   -->   2 A              
     e(  5 -  5) =      7.87081  eV     1   --> A              
     e(  6 -  7) =      9.65786  eV     2   -->   2 A              
     e(  8 -  8) =     14.09408  eV     1   --> A              

 **************************************************************************

 **************************************************************************

                    xk=(  -0.35355,  -0.35355,   0.35355  )

     Band symmetry, C_1 (1)     point group:

     e(  1 -  1) =     -3.42658  eV     1   --> A              
     e(  2 -  2) =     -0.76662  eV     1   --> A              
     e(  3 -  4) =      5.00552  eV     2   -->   2 A              
     e(  5 -  5) =      7.74292  eV     1   --> A              
     e(  6 -  7) =      9.54701  eV     2   -->   2 A              
     e(  8 -  8) =     13.94062  eV     1   --> A              

 **************************************************************************

 **************************************************************************

                    xk=(   0.08839,  -0.08839,   0.08839  )

     Band symmetry, C_1 (1)     point group:

     e(  1 -  1) =     -5.55371  eV     1   --> A              
     e(  2 -  2) =      4.60566  eV     1   --> A              
     e(  3 -  4) =      5.91605  eV     2   -->   2 A              
     e(  5 -  5) =      8.70690  eV     1   --> A              
     e(  6 -  7) =      9.19277  eV     2   -->   2 A              
     e(  8 -  8) =     10.91477  eV     1   --> A              

 **************************************************************************

 **************************************************************************

                    xk=(   0.17678,   0.00000,   0.00000  )

     Band symmetry, C_1 (1)     point group:

     e(  1 -  1) =     -5.48492  eV     1   --> A              
     e(  2 -  2) =      4.87086  eV     1   --> A              
     e(  3 -  4) =      5.39785  eV     2   -->   2 A              
     e(  5 -  5) =      8.21725  eV     1   --> A              
     e(  6 -  7) =      9.90947  eV     2   -->   2 A              
     e(  8 -  8) =     10.60106  eV     1   --> A              

 **************************************************************************

 **************************************************************************

                    xk=(   0.26517,   0.08839,  -0.08839  )

     Band symmetry, C_1 (1)     point group:

     e(  1 -  1) =     -5.01632  eV     1   --> A              
     e(  2 -  2) =      2.97974  eV     1   --> A              
     e(  3 -  3) =      4.88569  eV     1   --> A              
     e(  4 -  4) =      4.96206  eV     1   --> A              
     e(  5 -  5) =      8.35428  eV     1   --> A              
     e(  6 -  6) =      9.91291  eV     1   --> A              
     e(  7 -  7) =     10.67452  eV     1   --> A              
     e(  8 -  8) =     10.96085  eV     1   --> A              

 **************************************************************************

 **************************************************************************

                    xk=(   0.35355,   0.17678,  -0.17678  )

     Band symmetry, C_1 (1)     point group:

     e(  1 -  1) =     -4.20144  eV     1   --> A              
     e(  2 -  2) =      0.91860  eV     1   --> A              
     e(  3 -  3) =      4.37026  eV     1   --> A              
     e(  4 -  4) =      4.61740  eV     1   --> A              
     e(  5 -  5) =      8.45389  eV     1   --> A              
     e(  6 -  6) =      9.84785  eV     1   --> A              
     e(  7 -  7) =     10.67172  eV     1   --> A              
     e(  8 -  8) =     11.67758  eV     1   --> A              

 **************************************************************************

 **************************************************************************

                    xk=(  -0.26517,  -0.44194,   0.44194  )

     Band symmetry, C_1 (1)     point group:

     e(  1 -  1) =     -3.33997  eV     1   --> A              
     e(  2 -  2) =     -0.54515  eV     1   --> A              
     e(  3 -  3) =      3.92438  eV     1   --> A              
     e(  4 -  4) =      4.64189  eV     1   --> A              
     e(  5 -  5) =      8.40037  eV     1   --> A              
     e(  6 -  6) =      9.72217  eV     1   --> A              
     e(  7 -  7) =     10.30808  eV     1   --> A              
     e(  8 -  8) =     13.57922  eV     1   --> A              

 **************************************************************************

 **************************************************************************

                    xk=(  -0.17678,  -0.35355,   0.35355  )

     Band symmetry, C_1 (1)     point group:

     e(  1 -  1) =     -3.58453  eV     1   --> A              
     e(  2 -  2) =     -0.17441  eV     1   --> A              
     e(  3 -  3) =      3.74257  eV     1   --> A              
     e(  4 -  4) =      4.93858  eV     1   --> A              
     e(  5 -  5) =      8.56643  eV     1   --> A              
     e(  6 -  6) =      9.83137  eV     1   --> A              
     e(  7 -  7) =     10.07558  eV     1   --> A              
     e(  8 -  8) =     14.12448  eV     1   --> A              

 **************************************************************************

 **************************************************************************

                    xk=(  -0.08839,  -0.26517,   0.26517  )

     Band symmetry, C_1 (1)     point group:

     e(  1 -  1) =     -4.50773  eV     1   --> A              
     e(  2 -  2) =      1.57801  eV     1   --> A              
     e(  3 -  3) =      3.89346  eV     1   --> A              
     e(  4 -  4) =      5.43057  eV     1   --> A              
     e(  5 -  5) =      8.92453  eV     1   --> A              
     e(  6 -  6) =      9.88300  eV     1   --> A              
     e(  7 -  7) =     10.06461  eV     1   --> A              
     e(  8 -  8) =     12.50653  eV     1   --> A              

 **************************************************************************

 **************************************************************************

                    xk=(   0.00000,  -0.17678,   0.17678  )

     Band symmetry, C_1 (1)     point group:

     e(  1 -  1) =     -5.21754  eV     1   --> A              
     e(  2 -  2) =      3.52011  eV     1   --> A              
     e(  3 -  3) =      4.57585  eV     1   --> A              
     e(  4 -  4) =      5.91219  eV     1   --> A              
     e(  5 -  5) =      9.24690  eV     1   --> A              
     e(  6 -  6) =      9.32906  eV     1   --> A              
     e(  7 -  7) =      9.56706  eV     1   --> A              
     e(  8 -  8) =     11.75548  eV     1   --> A              

 **************************************************************************

 **************************************************************************

                    xk=(   0.17678,  -0.17678,   0.17678  )

     Band symmetry, C_1 (1)     point group:

     e(  1 -  1) =     -4.95822  eV     1   --> A              
     e(  2 -  2) =      2.27660  eV     1   --> A              
     e(  3 -  4) =      5.44482  eV     2   -->   2 A              
     e(  5 -  5) =      8.23404  eV     1   --> A              
     e(  6 -  7) =      9.71176  eV     2   -->   2 A              
     e(  8 -  8) =     13.12359  eV     1   --> A              

 **************************************************************************

 **************************************************************************

                    xk=(   0.26517,  -0.08839,   0.08839  )

     Band symmetry, C_1 (1)     point group:

     e(  1 -  1) =     -5.01632  eV     1   --> A              
     e(  2 -  2) =      2.97974  eV     1   --> A              
     e(  3 -  3) =      4.88569  eV     1   --> A              
     e(  4 -  4) =      4.96206  eV     1   --> A              
     e(  5 -  5) =      8.35428  eV     1   --> A              
     e(  6 -  6) =      9.91291  eV     1   --> A              
     e(  7 -  7) =     10.67452  eV     1   --> A              
     e(  8 -  8) =     10.96085  eV     1   --> A              

 **************************************************************************

 **************************************************************************

                    xk=(   0.35355,   0.00000,   0.00000  )

     Band symmetry, C_1 (1)     point group:

     e(  1 -  1) =     -4.67601  eV     1   --> A              
     e(  2 -  2) =      2.68681  eV     1   --> A              
     e(  3 -  4) =      4.31409  eV     2   -->   2 A              
     e(  5 -  5) =      7.33660  eV     1   --> A              
     e(  6 -  6) =      9.34169  eV     1   --> A              
     e(  7 -  8) =     11.96389  eV     2   -->   2 A              

 **************************************************************************

 **************************************************************************

                    xk=(   0.44194,   0.08839,  -0.08839  )

     Band symmetry, C_1 (1)     point group:

     e(  1 -  1) =     -3.96605  eV     1   --> A              
     e(  2 -  2) =      1.26277  eV     1   --> A              
     e(  3 -  3) =      3.53340  eV     1   --> A              
     e(  4 -  4) =      3.99574  eV     1   --> A              
     e(  5 -  5) =      7.55772  eV     1   --> A              
     e(  6 -  6) =      9.10319  eV     1   --> A              
     e(  7 -  7) =     12.20455  eV     1   --> A              
     e(  8 -  8) =     12.47652  eV     1   --> A              

 **************************************************************************

 **************************************************************************

                    xk=(  -0.17678,  -0.53033,   0.53033  )

     Band symmetry, C_1 (1)     point group:

     e(  1 -  1) =     -3.04001  eV     1   --> A              
     e(  2 -  2) =     -0.17948  eV     1   --> A              
     e(  3 -  3) =      2.66980  eV     1   --> A              
     e(  4 -  4) =      3.99887  eV     1   --> A              
     e(  5 -  5) =      7.72738  eV     1   --> A              
     e(  6 -  6) =     10.65753  eV     1   --> A              
     e(  7 -  7) =     11.95152  eV     1   --> A              
     e(  8 -  8) =     12.12739  eV     1   --> A              

 **************************************************************************

 **************************************************************************

                    xk=(  -0.08839,  -0.44194,   0.44194  )

     Band symmetry, C_1 (1)     point group:

     e(  1 -  1) =     -2.83570  eV     1   --> A              
     e(  2 -  2) =     -0.43795  eV     1   --> A              
     e(  3 -  3) =      2.21115  eV     1   --> A              
     e(  4 -  4) =      4.31749  eV     1   --> A              
     e(  5 -  5) =      8.05173  eV     1   --> A              
     e(  6 -  6) =     11.67411  eV     1   --> A              
     e(  7 -  7) =     11.68759  eV     1   --> A              
     e(  8 -  8) =     13.16774  eV     1   --> A              

 **************************************************************************

 **************************************************************************

                    xk=(   0.00000,  -0.35355,   0.35355  )

     Band symmetry, C_1 (1)     point group:

     e(  1 -  1) =     -3.71424  eV     1   --> A              
     e(  2 -  2) =      0.72309  eV     1   --> A              
     e(  3 -  3) =      2.45132  eV     1   --> A              
     e(  4 -  4) =      4.87638  eV     1   --> A              
     e(  5 -  5) =      8.65666  eV     1   --> A              
     e(  6 -  6) =     10.99528  eV     1   --> A              
     e(  7 -  7) =     11.34280  eV     1   --> A              
     e(  8 -  8) =     12.35292  eV     1   --> A              

 **************************************************************************

 **************************************************************************

                    xk=(   0.08839,  -0.26517,   0.26517  )

     Band symmetry, C_1 (1)     point group:

     e(  1 -  1) =     -4.50773  eV     1   --> A              
     e(  2 -  2) =      1.57801  eV     1   --> A              
     e(  3 -  3) =      3.89346  eV     1   --> A              
     e(  4 -  4) =      5.43057  eV     1   --> A              
     e(  5 -  5) =      8.92453  eV     1   --> A              
     e(  6 -  6) =      9.88300  eV     1   --> A              
     e(  7 -  7) =     10.06461  eV     1   --> A              
     e(  8 -  8) =     12.50653  eV     1   --> A              

 **************************************************************************

 **************************************************************************

                    xk=(   0.26517,  -0.26517,   0.26517  )

     Band symmetry, C_1 (1)     point group:

     e(  1 -  1) =     -4.06452  eV     1   --> A              
     e(  2 -  2) =      0.25606  eV     1   --> A              
     e(  3 -  4) =      5.11748  eV     2   -->   2 A              
     e(  5 -  5) =      7.87081  eV     1   --> A              
     e(  6 -  7) =      9.65786  eV     2   -->   2 A              
     e(  8 -  8) =     14.09408  eV     1   --> A              

 **************************************************************************

 **************************************************************************

                    xk=(   0.35355,  -0.17678,   0.17678  )

     Band symmetry, C_1 (1)     point group:

     e(  1 -  1) =     -4.20144  eV     1   --> A              
     e(  2 -  2) =      0.91860  eV     1   --> A              
     e(  3 -  3) =      4.37026  eV     1   --> A              
     e(  4 -  4) =      4.61740  eV     1   --> A              
     e(  5 -  5) =      8.45389  eV     1   --> A              
     e(  6 -  6) =      9.84785  eV     1   --> A              
     e(  7 -  7) =     10.67172  eV     1   --> A              
     e(  8 -  8) =     11.67758  eV     1   --> A              

 **************************************************************************

 **************************************************************************

                    xk=(   0.44194,  -0.08839,   0.08839  )

     Band symmetry, C_1 (1)     point group:

     e(  1 -  1) =     -3.96605  eV     1   --> A              
     e(  2 -  2) =      1.26277  eV     1   --> A              
     e(  3 -  3) =      3.53340  eV     1   --> A              
     e(  4 -  4) =      3.99574  eV     1   --> A              
     e(  5 -  5) =      7.55772  eV     1   --> A              
     e(  6 -  6) =      9.10319  eV     1   --> A              
     e(  7 -  7) =     12.20455  eV     1   --> A              
     e(  8 -  8) =     12.47652  eV     1   --> A              

 **************************************************************************

 **************************************************************************

                    xk=(   0.53033,   0.00000,   0.00000  )

     Band symmetry, C_1 (1)     point group:

     e(  1 -  1) =     -3.36357  eV     1   --> A              
     e(  2 -  2) =      0.45815  eV     1   --> A              
     e(  3 -  4) =      3.59714  eV     2   -->   2 A              
     e(  5 -  5) =      6.82216  eV     1   --> A              
     e(  6 -  6) =      7.74802  eV     1   --> A              
     e(  7 -  8) =     14.24737  eV     2   -->   2 A              

 **************************************************************************

 **************************************************************************

                    xk=(  -0.08839,  -0.61872,   0.61872  )

     Band symmetry, C_1 (1)     point group:

     e(  1 -  1) =     -2.46628  eV     1   --> A              
     e(  2 -  2) =     -0.62699  eV     1   --> A              
     e(  3 -  3) =      2.76811  eV     1   --> A              
     e(  4 -  4) =      3.52093  eV     1   --> A              
     e(  5 -  5) =      7.10201  eV     1   --> A              
     e(  6 -  6) =      8.17523  eV     1   --> A              
     e(  7 -  7) =     14.47328  eV     1   --> A              
     e(  8 -  8) =     14.56055  eV     1   --> A              

 **************************************************************************

 **************************************************************************

                    xk=(   0.00000,  -0.53033,   0.53033  )

     Band symmetry, C_1 (1)     point group:

     e(  1 -  1) =     -2.02743  eV     1   --> A              
     e(  2 -  2) =     -1.02367  eV     1   --> A              
     e(  3 -  3) =      1.90203  eV     1   --> A              
     e(  4 -  4) =      3.77864  eV     1   --> A              
     e(  5 -  5) =      7.41150  eV     1   --> A              
     e(  6 -  6) =     10.33744  eV     1   --> A              
     e(  7 -  7) =     13.67481  eV     1   --> A              
     e(  8 -  8) =     14.22297  eV     1   --> A              

 **************************************************************************

 **************************************************************************

                    xk=(   0.08839,  -0.44194,   0.44194  )

     Band symmetry, C_1 (1)     point group:

     e(  1 -  1) =     -2.83570  eV     1   --> A              
     e(  2 -  2) =     -0.43795  eV     1   --> A              
     e(  3 -  3) =      2.21115  eV     1   --> A              
     e(  4 -  4) =      4.31749  eV     1   --> A              
     e(  5 -  5) =      8.05173  eV     1   --> A              
     e(  6 -  6) =     11.67411  eV     1   --> A              
     e(  7 -  7) =     11.68759  eV     1   --> A              
     e(  8 -  8) =     13.16774  eV     1   --> A              

 **************************************************************************

 **************************************************************************

                    xk=(   0.17678,  -0.35355,   0.35355  )

     Band symmetry, C_1 (1)     point group:

     e(  1 -  1) =     -3.58453  eV     1   --> A              
     e(  2 -  2) =     -0.17441  eV     1   --> A              
     e(  3 -  3) =      3.74257  eV     1   --> A              
     e(  4 -  4) =      4.93858  eV     1   --> A              
     e(  5 -  5) =      8.56643  eV     1   --> A              
     e(  6 -  6) =      9.83137  eV     1   --> A              
     e(  7 -  7) =     10.07558  eV     1   --> A              
     e(  8 -  8) =     14.12448  eV     1   --> A              

 **************************************************************************

 **************************************************************************

                    xk=(  -0.35355,   0.35355,  -0.35355  )

     Band symmetry, C_1 (1)     point group:

     e(  1 -  1) =     -3.42658  eV     1   --> A              
     e(  2 -  2) =     -0.76662  eV     1   --> A              
     e(  3 -  4) =      5.00552  eV     2   -->   2 A              
     e(  5 -  5) =      7.74292  eV     1   --> A              
     e(  6 -  7) =      9.54701  eV     2   -->   2 A              
     e(  8 -  8) =     13.94062  eV     1   --> A              

 **************************************************************************

 **************************************************************************

                    xk=(  -0.26517,   0.44194,  -0.44194  )

     Band symmetry, C_1 (1)     point group:

     e(  1 -  1) =     -3.33997  eV     1   --> A              
     e(  2 -  2) =     -0.54515  eV     1   --> A              
     e(  3 -  3) =      3.92438  eV     1   --> A              
     e(  4 -  4) =      4.64189  eV     1   --> A              
     e(  5 -  5) =      8.40037  eV     1   --> A              
     e(  6 -  6) =      9.72217  eV     1   --> A              
     e(  7 -  7) =     10.30808  eV     1   --> A              
     e(  8 -  8) =     13.57922  eV     1   --> A              

 **************************************************************************

 **************************************************************************

                    xk=(  -0.17678,   0.53033,  -0.53033  )

     Band symmetry, C_1 (1)     point group:

     e(  1 -  1) =     -3.04001  eV     1   --> A              
     e(  2 -  2) =     -0.17948  eV     1   --> A              
     e(  3 -  3) =      2.66980  eV     1   --> A              
     e(  4 -  4) =      3.99887  eV     1   --> A              
     e(  5 -  5) =      7.72738  eV     1   --> A              
     e(  6 -  6) =     10.65753  eV     1   --> A              
     e(  7 -  7) =     11.95152  eV     1   --> A              
     e(  8 -  8) =     12.12739  eV     1   --> A              

 **************************************************************************

 **************************************************************************

                    xk=(  -0.08839,   0.61872,  -0.61872  )

     Band symmetry, C_1 (1)     point group:

     e(  1 -  1) =     -2.46628  eV     1   --> A              
     e(  2 -  2) =     -0.62699  eV     1   --> A              
     e(  3 -  3) =      2.76811  eV     1   --> A              
     e(  4 -  4) =      3.52093  eV     1   --> A              
     e(  5 -  5) =      7.10201  eV     1   --> A              
     e(  6 -  6) =      8.17523  eV     1   --> A              
     e(  7 -  7) =     14.47328  eV     1   --> A              
     e(  8 -  8) =     14.56055  eV     1   --> A              

 **************************************************************************

 **************************************************************************

                    xk=(  -0.70711,   0.00000,   0.00000  )

     Band symmetry, C_1 (1)     point group:

     e(  1 -  2) =     -1.61371  eV     2   -->   2 A              
     e(  3 -  4) =      3.35136  eV     2   -->   2 A              
     e(  5 -  6) =      6.91737  eV     2   -->   2 A              
     e(  7 -  8) =     16.30942  eV     2   -->   2 A              

 **************************************************************************

 **************************************************************************

                    xk=(  -0.08839,   0.08839,   0.08839  )

     Band symmetry, C_1 (1)     point group:

     e(  1 -  1) =     -5.55371  eV     1   --> A              
     e(  2 -  2) =      4.60566  eV     1   --> A              
     e(  3 -  4) =      5.91605  eV     2   -->   2 A              
     e(  5 -  5) =      8.70690  eV     1   --> A              
     e(  6 -  7) =      9.19277  eV     2   -->   2 A              
     e(  8 -  8) =     10.91477  eV     1   --> A              

 **************************************************************************

 **************************************************************************

                    xk=(   0.00000,   0.17678,   0.00000  )

     Band symmetry, C_1 (1)     point group:

     e(  1 -  1) =     -5.48492  eV     1   --> A              
     e(  2 -  2) =      4.87086  eV     1   --> A              
     e(  3 -  4) =      5.39785  eV     2   -->   2 A              
     e(  5 -  5) =      8.21725  eV     1   --> A              
     e(  6 -  7) =      9.90947  eV     2   -->   2 A              
     e(  8 -  8) =     10.60106  eV     1   --> A              

 **************************************************************************

 **************************************************************************

                    xk=(   0.08839,   0.26517,  -0.08839  )

     Band symmetry, C_1 (1)     point group:

     e(  1 -  1) =     -5.01632  eV     1   --> A              
     e(  2 -  2) =      2.97974  eV     1   --> A              
     e(  3 -  3) =      4.88569  eV     1   --> A              
     e(  4 -  4) =      4.96206  eV     1   --> A              
     e(  5 -  5) =      8.35428  eV     1   --> A              
     e(  6 -  6) =      9.91291  eV     1   --> A              
     e(  7 -  7) =     10.67452  eV     1   --> A              
     e(  8 -  8) =     10.96085  eV     1   --> A              

 **************************************************************************

 **************************************************************************

                    xk=(   0.17678,   0.35355,  -0.17678  )

     Band symmetry, C_1 (1)     point group:

     e(  1 -  1) =     -4.20144  eV     1   --> A              
     e(  2 -  2) =      0.91860  eV     1   --> A              
     e(  3 -  3) =      4.37026  eV     1   --> A              
     e(  4 -  4) =      4.61740  eV     1   --> A              
     e(  5 -  5) =      8.45389  eV     1   --> A              
     e(  6 -  6) =      9.84785  eV     1   --> A              
     e(  7 -  7) =     10.67172  eV     1   --> A              
     e(  8 -  8) =     11.67758  eV     1   --> A              

 **************************************************************************

 **************************************************************************

                    xk=(  -0.44194,  -0.26517,   0.44194  )

     Band symmetry, C_1 (1)     point group:

     e(  1 -  1) =     -3.33997  eV     1   --> A              
     e(  2 -  2) =     -0.54515  eV     1   --> A              
     e(  3 -  3) =      3.92438  eV     1   --> A              
     e(  4 -  4) =      4.64189  eV     1   --> A              
     e(  5 -  5) =      8.40037  eV     1   --> A              
     e(  6 -  6) =      9.72217  eV     1   --> A              
     e(  7 -  7) =     10.30808  eV     1   --> A              
     e(  8 -  8) =     13.57922  eV     1   --> A              

 **************************************************************************

 **************************************************************************

                    xk=(  -0.35355,  -0.17678,   0.35355  )

     Band symmetry, C_1 (1)     point group:

     e(  1 -  1) =     -3.58453  eV     1   --> A              
     e(  2 -  2) =     -0.17441  eV     1   --> A              
     e(  3 -  3) =      3.74257  eV     1   --> A              
     e(  4 -  4) =      4.93858  eV     1   --> A              
     e(  5 -  5) =      8.56643  eV     1   --> A              
     e(  6 -  6) =      9.83137  eV     1   --> A              
     e(  7 -  7) =     10.07558  eV     1   --> A              
     e(  8 -  8) =     14.12448  eV     1   --> A              

 **************************************************************************

 **************************************************************************

                    xk=(  -0.26517,  -0.08839,   0.26517  )

     Band symmetry, C_1 (1)     point group:

     e(  1 -  1) =     -4.50773  eV     1   --> A              
     e(  2 -  2) =      1.57801  eV     1   --> A              
     e(  3 -  3) =      3.89346  eV     1   --> A              
     e(  4 -  4) =      5.43057  eV     1   --> A              
     e(  5 -  5) =      8.92453  eV     1   --> A              
     e(  6 -  6) =      9.88300  eV     1   --> A              
     e(  7 -  7) =     10.06461  eV     1   --> A              
     e(  8 -  8) =     12.50653  eV     1   --> A              

 **************************************************************************

 **************************************************************************

                    xk=(  -0.17678,   0.00000,   0.17678  )

     Band symmetry, C_1 (1)     point group:

     e(  1 -  1) =     -5.21754  eV     1   --> A              
     e(  2 -  2) =      3.52011  eV     1   --> A              
     e(  3 -  3) =      4.57585  eV     1   --> A              
     e(  4 -  4) =      5.91219  eV     1   --> A              
     e(  5 -  5) =      9.24690  eV     1   --> A              
     e(  6 -  6) =      9.32906  eV     1   --> A              
     e(  7 -  7) =      9.56706  eV     1   --> A              
     e(  8 -  8) =     11.75548  eV     1   --> A              

 **************************************************************************

 **************************************************************************

                    xk=(   0.00000,   0.00000,   0.17678  )

     Band symmetry, C_1 (1)     point group:

     e(  1 -  1) =     -5.48492  eV     1   --> A              
     e(  2 -  2) =      4.87086  eV     1   --> A              
     e(  3 -  4) =      5.39785  eV     2   -->   2 A              
     e(  5 -  5) =      8.21725  eV     1   --> A              
     e(  6 -  7) =      9.90947  eV     2   -->   2 A              
     e(  8 -  8) =     10.60106  eV     1   --> A              

 **************************************************************************

 **************************************************************************

                    xk=(   0.08839,   0.08839,   0.08839  )

     Band symmetry, C_1 (1)     point group:

     e(  1 -  1) =     -5.55371  eV     1   --> A              
     e(  2 -  2) =      4.60566  eV     1   --> A              
     e(  3 -  4) =      5.91605  eV     2   -->   2 A              
     e(  5 -  5) =      8.70690  eV     1   --> A              
     e(  6 -  7) =      9.19277  eV     2   -->   2 A              
     e(  8 -  8) =     10.91477  eV     1   --> A              

 **************************************************************************

 **************************************************************************

                    xk=(   0.17678,   0.17678,   0.00000  )

     Band symmetry, C_1 (1)     point group:

     e(  1 -  1) =     -5.21754  eV     1   --> A              
     e(  2 -  2) =      3.52011  eV     1   --> A              
     e(  3 -  3) =      4.57585  eV     1   --> A              
     e(  4 -  4) =      5.91219  eV     1   --> A              
     e(  5 -  5) =      9.24690  eV     1   --> A              
     e(  6 -  6) =      9.32906  eV     1   --> A              
     e(  7 -  7) =      9.56706  eV     1   --> A              
     e(  8 -  8) =     11.75548  eV     1   --> A              

 **************************************************************************

 **************************************************************************

                    xk=(   0.26517,   0.26517,  -0.08839  )

     Band symmetry, C_1 (1)     point group:

     e(  1 -  1) =     -4.50773  eV     1   --> A              
     e(  2 -  2) =      1.57801  eV     1   --> A              
     e(  3 -  3) =      3.89346  eV     1   --> A              
     e(  4 -  4) =      5.43057  eV     1   --> A              
     e(  5 -  5) =      8.92453  eV     1   --> A              
     e(  6 -  6) =      9.88300  eV     1   --> A              
     e(  7 -  7) =     10.06461  eV     1   --> A              
     e(  8 -  8) =     12.50653  eV     1   --> A              

 **************************************************************************

 **************************************************************************

                    xk=(  -0.35355,  -0.35355,   0.53033  )

     Band symmetry, C_1 (1)     point group:

     e(  1 -  1) =     -3.58453  eV     1   --> A              
     e(  2 -  2) =     -0.17441  eV     1   --> A              
     e(  3 -  3) =      3.74257  eV     1   --> A              
     e(  4 -  4) =      4.93858  eV     1   --> A              
     e(  5 -  5) =      8.56643  eV     1   --> A              
     e(  6 -  6) =      9.83137  eV     1   --> A              
     e(  7 -  7) =     10.07558  eV     1   --> A              
     e(  8 -  8) =     14.12448  eV     1   --> A              

 **************************************************************************

 **************************************************************************

                    xk=(  -0.26517,  -0.26517,   0.44194  )

     Band symmetry, C_1 (1)     point group:

     e(  1 -  1) =     -3.33997  eV     1   --> A              
     e(  2 -  2) =     -0.54515  eV     1   --> A              
     e(  3 -  3) =      3.92438  eV     1   --> A              
     e(  4 -  4) =      4.64189  eV     1   --> A              
     e(  5 -  5) =      8.40037  eV     1   --> A              
     e(  6 -  6) =      9.72217  eV     1   --> A              
     e(  7 -  7) =     10.30808  eV     1   --> A              
     e(  8 -  8) =     13.57922  eV     1   --> A              

 **************************************************************************

 **************************************************************************

                    xk=(  -0.17678,  -0.17678,   0.35355  )

     Band symmetry, C_1 (1)     point group:

     e(  1 -  1) =     -4.20144  eV     1   --> A              
     e(  2 -  2) =      0.91860  eV     1   --> A              
     e(  3 -  3) =      4.37026  eV     1   --> A              
     e(  4 -  4) =      4.61740  eV     1   --> A              
     e(  5 -  5) =      8.45389  eV     1   --> A              
     e(  6 -  6) =      9.84785  eV     1   --> A              
     e(  7 -  7) =     10.67172  eV     1   --> A              
     e(  8 -  8) =     11.67758  eV     1   --> A              

 **************************************************************************

 **************************************************************************

                    xk=(  -0.08839,  -0.08839,   0.26517  )

     Band symmetry, C_1 (1)     point group:

     e(  1 -  1) =     -5.01632  eV     1   --> A              
     e(  2 -  2) =      2.97974  eV     1   --> A              
     e(  3 -  3) =      4.88569  eV     1   --> A              
     e(  4 -  4) =      4.96206  eV     1   --> A              
     e(  5 -  5) =      8.35428  eV     1   --> A              
     e(  6 -  6) =      9.91291  eV     1   --> A              
     e(  7 -  7) =     10.67452  eV     1   --> A              
     e(  8 -  8) =     10.96085  eV     1   --> A              

 **************************************************************************

 **************************************************************************

                    xk=(   0.08839,  -0.08839,   0.26517  )

     Band symmetry, C_1 (1)     point group:

     e(  1 -  1) =     -5.01632  eV     1   --> A              
     e(  2 -  2) =      2.97974  eV     1   --> A              
     e(  3 -  3) =      4.88569  eV     1   --> A              
     e(  4 -  4) =      4.96206  eV     1   --> A              
     e(  5 -  5) =      8.35428  eV     1   --> A              
     e(  6 -  6) =      9.91291  eV     1   --> A              
     e(  7 -  7) =     10.67452  eV     1   --> A              
     e(  8 -  8) =     10.96085  eV     1   --> A              

 **************************************************************************

 **************************************************************************

                    xk=(   0.17678,   0.00000,   0.17678  )

     Band symmetry, C_1 (1)     point group:

     e(  1 -  1) =     -5.21754  eV     1   --> A              
     e(  2 -  2) =      3.52011  eV     1   --> A              
     e(  3 -  3) =      4.57585  eV     1   --> A              
     e(  4 -  4) =      5.91219  eV     1   --> A              
     e(  5 -  5) =      9.24690  eV     1   --> A              
     e(  6 -  6) =      9.32906  eV     1   --> A              
     e(  7 -  7) =      9.56706  eV     1   --> A              
     e(  8 -  8) =     11.75548  eV     1   --> A              

 **************************************************************************

 **************************************************************************

                    xk=(   0.26517,   0.08839,   0.08839  )

     Band symmetry, C_1 (1)     point group:

     e(  1 -  1) =     -5.01632  eV     1   --> A              
     e(  2 -  2) =      2.97974  eV     1   --> A              
     e(  3 -  3) =      4.88569  eV     1   --> A              
     e(  4 -  4) =      4.96206  eV     1   --> A              
     e(  5 -  5) =      8.35428  eV     1   --> A              
     e(  6 -  6) =      9.91291  eV     1   --> A              
     e(  7 -  7) =     10.67452  eV     1   --> A              
     e(  8 -  8) =     10.96085  eV     1   --> A              

 **************************************************************************

 **************************************************************************

                    xk=(   0.35355,   0.17678,   0.00000  )

     Band symmetry, C_1 (1)     point group:

     e(  1 -  1) =     -4.42857  eV     1   --> A              
     e(  2 -  2) =      1.91414  eV     1   --> A              
     e(  3 -  3) =      3.49108  eV     1   --> A              
     e(  4 -  4) =      4.77667  eV     1   --> A              
     e(  5 -  5) =      8.65428  eV     1   --> A              
     e(  6 -  6) =     10.10786  eV     1   --> A              
     e(  7 -  7) =     10.40416  eV     1   --> A              
     e(  8 -  8) =     11.70909  eV     1   --> A              

 **************************************************************************

 **************************************************************************

                    xk=(  -0.26517,  -0.44194,   0.61872  )

     Band symmetry, C_1 (1)     point group:

     e(  1 -  1) =     -3.54030  eV     1   --> A              
     e(  2 -  2) =      0.36186  eV     1   --> A              
     e(  3 -  3) =      2.88301  eV     1   --> A              
     e(  4 -  4) =      4.27490  eV     1   --> A              
     e(  5 -  5) =      9.08470  eV     1   --> A              
     e(  6 -  6) =      9.76174  eV     1   --> A              
     e(  7 -  7) =     11.22748  eV     1   --> A              
     e(  8 -  8) =     12.14457  eV     1   --> A              

 **************************************************************************

 **************************************************************************

                    xk=(  -0.17678,  -0.35355,   0.53033  )

     Band symmetry, C_1 (1)     point group:

     e(  1 -  1) =     -2.88788  eV     1   --> A              
     e(  2 -  2) =     -0.58340  eV     1   --> A              
     e(  3 -  3) =      2.75415  eV     1   --> A              
     e(  4 -  4) =      4.04509  eV     1   --> A              
     e(  5 -  5) =      9.27367  eV     1   --> A              
     e(  6 -  6) =      9.34087  eV     1   --> A              
     e(  7 -  7) =     12.11908  eV     1   --> A              
     e(  8 -  8) =     13.32857  eV     1   --> A              

 **************************************************************************

 **************************************************************************

                    xk=(  -0.08839,  -0.26517,   0.44194  )

     Band symmetry, C_1 (1)     point group:

     e(  1 -  1) =     -3.54030  eV     1   --> A              
     e(  2 -  2) =      0.36186  eV     1   --> A              
     e(  3 -  3) =      2.88301  eV     1   --> A              
     e(  4 -  4) =      4.27490  eV     1   --> A              
     e(  5 -  5) =      9.08470  eV     1   --> A              
     e(  6 -  6) =      9.76174  eV     1   --> A              
     e(  7 -  7) =     11.22748  eV     1   --> A              
     e(  8 -  8) =     12.14457  eV     1   --> A              

 **************************************************************************

 **************************************************************************

                    xk=(   0.00000,  -0.17678,   0.35355  )

     Band symmetry, C_1 (1)     point group:

     e(  1 -  1) =     -4.42857  eV     1   --> A              
     e(  2 -  2) =      1.91414  eV     1   --> A              
     e(  3 -  3) =      3.49108  eV     1   --> A              
     e(  4 -  4) =      4.77667  eV     1   --> A              
     e(  5 -  5) =      8.65428  eV     1   --> A              
     e(  6 -  6) =     10.10786  eV     1   --> A              
     e(  7 -  7) =     10.40416  eV     1   --> A              
     e(  8 -  8) =     11.70909  eV     1   --> A              

 **************************************************************************

 **************************************************************************

                    xk=(   0.17678,  -0.17678,   0.35355  )

     Band symmetry, C_1 (1)     point group:

     e(  1 -  1) =     -4.20144  eV     1   --> A              
     e(  2 -  2) =      0.91860  eV     1   --> A              
     e(  3 -  3) =      4.37026  eV     1   --> A              
     e(  4 -  4) =      4.61740  eV     1   --> A              
     e(  5 -  5) =      8.45389  eV     1   --> A              
     e(  6 -  6) =      9.84785  eV     1   --> A              
     e(  7 -  7) =     10.67172  eV     1   --> A              
     e(  8 -  8) =     11.67758  eV     1   --> A              

 **************************************************************************

 **************************************************************************

                    xk=(   0.26517,  -0.08839,   0.26517  )

     Band symmetry, C_1 (1)     point group:

     e(  1 -  1) =     -4.50773  eV     1   --> A              
     e(  2 -  2) =      1.57801  eV     1   --> A              
     e(  3 -  3) =      3.89346  eV     1   --> A              
     e(  4 -  4) =      5.43057  eV     1   --> A              
     e(  5 -  5) =      8.92453  eV     1   --> A              
     e(  6 -  6) =      9.88300  eV     1   --> A              
     e(  7 -  7) =     10.06461  eV     1   --> A              
     e(  8 -  8) =     12.50653  eV     1   --> A              

 **************************************************************************

 **************************************************************************

                    xk=(   0.35355,  -0.00000,   0.17678  )

     Band symmetry, C_1 (1)     point group:

     e(  1 -  1) =     -4.42857  eV     1   --> A              
     e(  2 -  2) =      1.91414  eV     1   --> A              
     e(  3 -  3) =      3.49108  eV     1   --> A              
     e(  4 -  4) =      4.77667  eV     1   --> A              
     e(  5 -  5) =      8.65428  eV     1   --> A              
     e(  6 -  6) =     10.10786  eV     1   --> A              
     e(  7 -  7) =     10.40416  eV     1   --> A              
     e(  8 -  8) =     11.70909  eV     1   --> A              

 **************************************************************************

 **************************************************************************

                    xk=(   0.44194,   0.08839,   0.08839  )

     Band symmetry, C_1 (1)     point group:

     e(  1 -  1) =     -3.96605  eV     1   --> A              
     e(  2 -  2) =      1.26277  eV     1   --> A              
     e(  3 -  3) =      3.53340  eV     1   --> A              
     e(  4 -  4) =      3.99574  eV     1   --> A              
     e(  5 -  5) =      7.55772  eV     1   --> A              
     e(  6 -  6) =      9.10319  eV     1   --> A              
     e(  7 -  7) =     12.20455  eV     1   --> A              
     e(  8 -  8) =     12.47652  eV     1   --> A              

 **************************************************************************

 **************************************************************************

                    xk=(  -0.17678,  -0.53033,   0.70711  )

     Band symmetry, C_1 (1)     point group:

     e(  1 -  1) =     -3.16497  eV     1   --> A              
     e(  2 -  2) =      0.23916  eV     1   --> A              
     e(  3 -  3) =      2.84175  eV     1   --> A              
     e(  4 -  4) =      3.44478  eV     1   --> A              
     e(  5 -  5) =      8.15436  eV     1   --> A              
     e(  6 -  6) =      8.85497  eV     1   --> A              
     e(  7 -  7) =     11.96151  eV     1   --> A              
     e(  8 -  8) =     14.19687  eV     1   --> A              

 **************************************************************************

 **************************************************************************

                    xk=(  -0.08839,  -0.44194,   0.61872  )

     Band symmetry, C_1 (1)     point group:

     e(  1 -  1) =     -2.29014  eV     1   --> A              
     e(  2 -  2) =     -0.72895  eV     1   --> A              
     e(  3 -  3) =      2.14349  eV     1   --> A              
     e(  4 -  4) =      3.24403  eV     1   --> A              
     e(  5 -  5) =      8.59626  eV     1   --> A              
     e(  6 -  6) =     10.49043  eV     1   --> A              
     e(  7 -  7) =     11.48397  eV     1   --> A              
     e(  8 -  8) =     13.64700  eV     1   --> A              

 **************************************************************************

 **************************************************************************

                    xk=(   0.00000,  -0.35355,   0.53033  )

     Band symmetry, C_1 (1)     point group:

     e(  1 -  1) =     -2.64077  eV     1   --> A              
     e(  2 -  2) =     -0.36570  eV     1   --> A              
     e(  3 -  3) =      1.97660  eV     1   --> A              
     e(  4 -  4) =      3.62013  eV     1   --> A              
     e(  5 -  5) =      9.07615  eV     1   --> A              
     e(  6 -  6) =     10.75278  eV     1   --> A              
     e(  7 -  7) =     11.42312  eV     1   --> A              
     e(  8 -  8) =     13.23862  eV     1   --> A              

 **************************************************************************

 **************************************************************************

                    xk=(   0.08839,  -0.26517,   0.44194  )

     Band symmetry, C_1 (1)     point group:

     e(  1 -  1) =     -3.54030  eV     1   --> A              
     e(  2 -  2) =      0.36186  eV     1   --> A              
     e(  3 -  3) =      2.88301  eV     1   --> A              
     e(  4 -  4) =      4.27490  eV     1   --> A              
     e(  5 -  5) =      9.08470  eV     1   --> A              
     e(  6 -  6) =      9.76174  eV     1   --> A              
     e(  7 -  7) =     11.22748  eV     1   --> A              
     e(  8 -  8) =     12.14457  eV     1   --> A              

 **************************************************************************

 **************************************************************************

                    xk=(  -0.44194,   0.44194,  -0.26517  )

     Band symmetry, C_1 (1)     point group:

     e(  1 -  1) =     -3.33997  eV     1   --> A              
     e(  2 -  2) =     -0.54515  eV     1   --> A              
     e(  3 -  3) =      3.92438  eV     1   --> A              
     e(  4 -  4) =      4.64189  eV     1   --> A              
     e(  5 -  5) =      8.40037  eV     1   --> A              
     e(  6 -  6) =      9.72217  eV     1   --> A              
     e(  7 -  7) =     10.30808  eV     1   --> A              
     e(  8 -  8) =     13.57922  eV     1   --> A              

 **************************************************************************

 **************************************************************************

                    xk=(  -0.35355,   0.53033,  -0.35355  )

     Band symmetry, C_1 (1)     point group:

     e(  1 -  1) =     -3.58453  eV     1   --> A              
     e(  2 -  2) =     -0.17441  eV     1   --> A              
     e(  3 -  3) =      3.74257  eV     1   --> A              
     e(  4 -  4) =      4.93858  eV     1   --> A              
     e(  5 -  5) =      8.56643  eV     1   --> A              
     e(  6 -  6) =      9.83137  eV     1   --> A              
     e(  7 -  7) =     10.07558  eV     1   --> A              
     e(  8 -  8) =     14.12448  eV     1   --> A              

 **************************************************************************

 **************************************************************************

                    xk=(  -0.26517,   0.61872,  -0.44194  )

     Band symmetry, C_1 (1)     point group:

     e(  1 -  1) =     -3.54030  eV     1   --> A              
     e(  2 -  2) =      0.36186  eV     1   --> A              
     e(  3 -  3) =      2.88301  eV     1   --> A              
     e(  4 -  4) =      4.27490  eV     1   --> A              
     e(  5 -  5) =      9.08470  eV     1   --> A              
     e(  6 -  6) =      9.76174  eV     1   --> A              
     e(  7 -  7) =     11.22748  eV     1   --> A              
     e(  8 -  8) =     12.14457  eV     1   --> A              

 **************************************************************************

 **************************************************************************

                    xk=(  -0.17678,   0.70711,  -0.53033  )

     Band symmetry, C_1 (1)     point group:

     e(  1 -  1) =     -3.16497  eV     1   --> A              
     e(  2 -  2) =      0.23916  eV     1   --> A              
     e(  3 -  3) =      2.84175  eV     1   --> A              
     e(  4 -  4) =      3.44478  eV     1   --> A              
     e(  5 -  5) =      8.15436  eV     1   --> A              
     e(  6 -  6) =      8.85497  eV     1   --> A              
     e(  7 -  7) =     11.96151  eV     1   --> A              
     e(  8 -  8) =     14.19687  eV     1   --> A              

 **************************************************************************

 **************************************************************************

                    xk=(  -0.79550,   0.08839,   0.08839  )

     Band symmetry, C_1 (1)     point group:

     e(  1 -  1) =     -2.46628  eV     1   --> A              
     e(  2 -  2) =     -0.62699  eV     1   --> A              
     e(  3 -  3) =      2.76811  eV     1   --> A              
     e(  4 -  4) =      3.52093  eV     1   --> A              
     e(  5 -  5) =      7.10201  eV     1   --> A              
     e(  6 -  6) =      8.17523  eV     1   --> A              
     e(  7 -  7) =     14.47328  eV     1   --> A              
     e(  8 -  8) =     14.56055  eV     1   --> A              

 **************************************************************************

 **************************************************************************

                    xk=(  -0.70711,   0.17678,   0.00000  )

     Band symmetry, C_1 (1)     point group:

     e(  1 -  2) =     -1.53570  eV     2   -->   2 A              
     e(  3 -  4) =      2.78721  eV     2   -->   2 A              
     e(  5 -  6) =      8.17837  eV     2   -->   2 A              
     e(  7 -  8) =     14.05399  eV     2   -->   2 A              

 **************************************************************************

 **************************************************************************

                    xk=(  -0.61872,   0.26517,  -0.08839  )

     Band symmetry, C_1 (1)     point group:

     e(  1 -  1) =     -2.29014  eV     1   --> A              
     e(  2 -  2) =     -0.72895  eV     1   --> A              
     e(  3 -  3) =      2.14349  eV     1   --> A              
     e(  4 -  4) =      3.24403  eV     1   --> A              
     e(  5 -  5) =      8.59626  eV     1   --> A              
     e(  6 -  6) =     10.49043  eV     1   --> A              
     e(  7 -  7) =     11.48397  eV     1   --> A              
     e(  8 -  8) =     13.64700  eV     1   --> A              

 **************************************************************************

 **************************************************************************

                    xk=(  -0.53033,   0.35355,  -0.17678  )

     Band symmetry, C_1 (1)     point group:

     e(  1 -  1) =     -2.88788  eV     1   --> A              
     e(  2 -  2) =     -0.58340  eV     1   --> A              
     e(  3 -  3) =      2.75415  eV     1   --> A              
     e(  4 -  4) =      4.04509  eV     1   --> A              
     e(  5 -  5) =      9.27367  eV     1   --> A              
     e(  6 -  6) =      9.34087  eV     1   --> A              
     e(  7 -  7) =     12.11908  eV     1   --> A              
     e(  8 -  8) =     13.32857  eV     1   --> A              

 **************************************************************************

 **************************************************************************

                    xk=(  -0.35355,   0.35355,  -0.17678  )

     Band symmetry, C_1 (1)     point group:

     e(  1 -  1) =     -3.58453  eV     1   --> A              
     e(  2 -  2) =     -0.17441  eV     1   --> A              
     e(  3 -  3) =      3.74257  eV     1   --> A              
     e(  4 -  4) =      4.93858  eV     1   --> A              
     e(  5 -  5) =      8.56643  eV     1   --> A              
     e(  6 -  6) =      9.83137  eV     1   --> A              
     e(  7 -  7) =     10.07558  eV     1   --> A              
     e(  8 -  8) =     14.12448  eV     1   --> A              

 **************************************************************************

 **************************************************************************

                    xk=(  -0.26517,   0.44194,  -0.26517  )

     Band symmetry, C_1 (1)     point group:

     e(  1 -  1) =     -3.33997  eV     1   --> A              
     e(  2 -  2) =     -0.54515  eV     1   --> A              
     e(  3 -  3) =      3.92438  eV     1   --> A              
     e(  4 -  4) =      4.64189  eV     1   --> A              
     e(  5 -  5) =      8.40037  eV     1   --> A              
     e(  6 -  6) =      9.72217  eV     1   --> A              
     e(  7 -  7) =     10.30808  eV     1   --> A              
     e(  8 -  8) =     13.57922  eV     1   --> A              

 **************************************************************************

 **************************************************************************

                    xk=(  -0.17678,   0.53033,  -0.35355  )

     Band symmetry, C_1 (1)     point group:

     e(  1 -  1) =     -2.88788  eV     1   --> A              
     e(  2 -  2) =     -0.58340  eV     1   --> A              
     e(  3 -  3) =      2.75415  eV     1   --> A              
     e(  4 -  4) =      4.04509  eV     1   --> A              
     e(  5 -  5) =      9.27367  eV     1   --> A              
     e(  6 -  6) =      9.34087  eV     1   --> A              
     e(  7 -  7) =     12.11908  eV     1   --> A              
     e(  8 -  8) =     13.32857  eV     1   --> A              

 **************************************************************************

 **************************************************************************

                    xk=(  -0.08839,   0.61872,  -0.44194  )

     Band symmetry, C_1 (1)     point group:

     e(  1 -  1) =     -2.29014  eV     1   --> A              
     e(  2 -  2) =     -0.72895  eV     1   --> A              
     e(  3 -  3) =      2.14349  eV     1   --> A              
     e(  4 -  4) =      3.24403  eV     1   --> A              
     e(  5 -  5) =      8.59626  eV     1   --> A              
     e(  6 -  6) =     10.49043  eV     1   --> A              
     e(  7 -  7) =     11.48397  eV     1   --> A              
     e(  8 -  8) =     13.64700  eV     1   --> A              

 **************************************************************************

 **************************************************************************

                    xk=(  -0.70711,   0.00000,   0.17678  )

     Band symmetry, C_1 (1)     point group:

     e(  1 -  2) =     -1.53570  eV     2   -->   2 A              
     e(  3 -  4) =      2.78721  eV     2   -->   2 A              
     e(  5 -  6) =      8.17837  eV     2   -->   2 A              
     e(  7 -  8) =     14.05399  eV     2   -->   2 A              

 **************************************************************************

 **************************************************************************

                    xk=(  -0.61872,   0.08839,   0.08839  )

     Band symmetry, C_1 (1)     point group:

     e(  1 -  1) =     -2.46628  eV     1   --> A              
     e(  2 -  2) =     -0.62699  eV     1   --> A              
     e(  3 -  3) =      2.76811  eV     1   --> A              
     e(  4 -  4) =      3.52093  eV     1   --> A              
     e(  5 -  5) =      7.10201  eV     1   --> A              
     e(  6 -  6) =      8.17523  eV     1   --> A              
     e(  7 -  7) =     14.47328  eV     1   --> A              
     e(  8 -  8) =     14.56055  eV     1   --> A              

 **************************************************************************

 **************************************************************************

                    xk=(  -0.53033,   0.17678,  -0.00000  )

     Band symmetry, C_1 (1)     point group:

     e(  1 -  1) =     -3.16497  eV     1   --> A              
     e(  2 -  2) =      0.23916  eV     1   --> A              
     e(  3 -  3) =      2.84175  eV     1   --> A              
     e(  4 -  4) =      3.44478  eV     1   --> A              
     e(  5 -  5) =      8.15436  eV     1   --> A              
     e(  6 -  6) =      8.85497  eV     1   --> A              
     e(  7 -  7) =     11.96151  eV     1   --> A              
     e(  8 -  8) =     14.19687  eV     1   --> A              

 **************************************************************************

 **************************************************************************

                    xk=(  -0.44194,   0.26517,  -0.08839  )

     Band symmetry, C_1 (1)     point group:

     e(  1 -  1) =     -3.54030  eV     1   --> A              
     e(  2 -  2) =      0.36186  eV     1   --> A              
     e(  3 -  3) =      2.88301  eV     1   --> A              
     e(  4 -  4) =      4.27490  eV     1   --> A              
     e(  5 -  5) =      9.08470  eV     1   --> A              
     e(  6 -  6) =      9.76174  eV     1   --> A              
     e(  7 -  7) =     11.22748  eV     1   --> A              
     e(  8 -  8) =     12.14457  eV     1   --> A              

 **************************************************************************

 **************************************************************************

                    xk=(  -0.26517,   0.26517,  -0.08839  )

     Band symmetry, C_1 (1)     point group:

     e(  1 -  1) =     -4.50773  eV     1   --> A              
     e(  2 -  2) =      1.57801  eV     1   --> A              
     e(  3 -  3) =      3.89346  eV     1   --> A              
     e(  4 -  4) =      5.43057  eV     1   --> A              
     e(  5 -  5) =      8.92453  eV     1   --> A              
     e(  6 -  6) =      9.88300  eV     1   --> A              
     e(  7 -  7) =     10.06461  eV     1   --> A              
     e(  8 -  8) =     12.50653  eV     1   --> A              

 **************************************************************************

 **************************************************************************

                    xk=(  -0.17678,   0.35355,  -0.17678  )

     Band symmetry, C_1 (1)     point group:

     e(  1 -  1) =     -4.20144  eV     1   --> A              
     e(  2 -  2) =      0.91860  eV     1   --> A              
     e(  3 -  3) =      4.37026  eV     1   --> A              
     e(  4 -  4) =      4.61740  eV     1   --> A              
     e(  5 -  5) =      8.45389  eV     1   --> A              
     e(  6 -  6) =      9.84785  eV     1   --> A              
     e(  7 -  7) =     10.67172  eV     1   --> A              
     e(  8 -  8) =     11.67758  eV     1   --> A              

 **************************************************************************

 **************************************************************************

                    xk=(  -0.08839,   0.44194,  -0.26517  )

     Band symmetry, C_1 (1)     point group:

     e(  1 -  1) =     -3.54030  eV     1   --> A              
     e(  2 -  2) =      0.36186  eV     1   --> A              
     e(  3 -  3) =      2.88301  eV     1   --> A              
     e(  4 -  4) =      4.27490  eV     1   --> A              
     e(  5 -  5) =      9.08470  eV     1   --> A              
     e(  6 -  6) =      9.76174  eV     1   --> A              
     e(  7 -  7) =     11.22748  eV     1   --> A              
     e(  8 -  8) =     12.14457  eV     1   --> A              

 **************************************************************************

 **************************************************************************

                    xk=(   0.00000,   0.53033,  -0.35355  )

     Band symmetry, C_1 (1)     point group:

     e(  1 -  1) =     -2.64077  eV     1   --> A              
     e(  2 -  2) =     -0.36570  eV     1   --> A              
     e(  3 -  3) =      1.97660  eV     1   --> A              
     e(  4 -  4) =      3.62013  eV     1   --> A              
     e(  5 -  5) =      9.07615  eV     1   --> A              
     e(  6 -  6) =     10.75278  eV     1   --> A              
     e(  7 -  7) =     11.42312  eV     1   --> A              
     e(  8 -  8) =     13.23862  eV     1   --> A              

 **************************************************************************

 **************************************************************************

                    xk=(  -0.61872,  -0.08839,   0.26517  )

     Band symmetry, C_1 (1)     point group:

     e(  1 -  1) =     -2.29014  eV     1   --> A              
     e(  2 -  2) =     -0.72895  eV     1   --> A              
     e(  3 -  3) =      2.14349  eV     1   --> A              
     e(  4 -  4) =      3.24403  eV     1   --> A              
     e(  5 -  5) =      8.59626  eV     1   --> A              
     e(  6 -  6) =     10.49043  eV     1   --> A              
     e(  7 -  7) =     11.48397  eV     1   --> A              
     e(  8 -  8) =     13.64700  eV     1   --> A              

 **************************************************************************

 **************************************************************************

                    xk=(  -0.53033,   0.00000,   0.17678  )

     Band symmetry, C_1 (1)     point group:

     e(  1 -  1) =     -3.16497  eV     1   --> A              
     e(  2 -  2) =      0.23916  eV     1   --> A              
     e(  3 -  3) =      2.84175  eV     1   --> A              
     e(  4 -  4) =      3.44478  eV     1   --> A              
     e(  5 -  5) =      8.15436  eV     1   --> A              
     e(  6 -  6) =      8.85497  eV     1   --> A              
     e(  7 -  7) =     11.96151  eV     1   --> A              
     e(  8 -  8) =     14.19687  eV     1   --> A              

 **************************************************************************

 **************************************************************************

                    xk=(  -0.44194,   0.08839,   0.08839  )

     Band symmetry, C_1 (1)     point group:

     e(  1 -  1) =     -3.96605  eV     1   --> A              
     e(  2 -  2) =      1.26277  eV     1   --> A              
     e(  3 -  3) =      3.53340  eV     1   --> A              
     e(  4 -  4) =      3.99574  eV     1   --> A              
     e(  5 -  5) =      7.55772  eV     1   --> A              
     e(  6 -  6) =      9.10319  eV     1   --> A              
     e(  7 -  7) =     12.20455  eV     1   --> A              
     e(  8 -  8) =     12.47652  eV     1   --> A              

 **************************************************************************

 **************************************************************************

                    xk=(  -0.35355,   0.17678,   0.00000  )

     Band symmetry, C_1 (1)     point group:

     e(  1 -  1) =     -4.42857  eV     1   --> A              
     e(  2 -  2) =      1.91414  eV     1   --> A              
     e(  3 -  3) =      3.49108  eV     1   --> A              
     e(  4 -  4) =      4.77667  eV     1   --> A              
     e(  5 -  5) =      8.65428  eV     1   --> A              
     e(  6 -  6) =     10.10786  eV     1   --> A              
     e(  7 -  7) =     10.40416  eV     1   --> A              
     e(  8 -  8) =     11.70909  eV     1   --> A              

 **************************************************************************

 **************************************************************************

                    xk=(  -0.17678,   0.17678,   0.00000  )

     Band symmetry, C_1 (1)     point group:

     e(  1 -  1) =     -5.21754  eV     1   --> A              
     e(  2 -  2) =      3.52011  eV     1   --> A              
     e(  3 -  3) =      4.57585  eV     1   --> A              
     e(  4 -  4) =      5.91219  eV     1   --> A              
     e(  5 -  5) =      9.24690  eV     1   --> A              
     e(  6 -  6) =      9.32906  eV     1   --> A              
     e(  7 -  7) =      9.56706  eV     1   --> A              
     e(  8 -  8) =     11.75548  eV     1   --> A              

 **************************************************************************

 **************************************************************************

                    xk=(  -0.08839,   0.26517,  -0.08839  )

     Band symmetry, C_1 (1)     point group:

     e(  1 -  1) =     -5.01632  eV     1   --> A              
     e(  2 -  2) =      2.97974  eV     1   --> A              
     e(  3 -  3) =      4.88569  eV     1   --> A              
     e(  4 -  4) =      4.96206  eV     1   --> A              
     e(  5 -  5) =      8.35428  eV     1   --> A              
     e(  6 -  6) =      9.91291  eV     1   --> A              
     e(  7 -  7) =     10.67452  eV     1   --> A              
     e(  8 -  8) =     10.96085  eV     1   --> A              

 **************************************************************************

 **************************************************************************

                    xk=(   0.00000,   0.35355,  -0.17678  )

     Band symmetry, C_1 (1)     point group:

     e(  1 -  1) =     -4.42857  eV     1   --> A              
     e(  2 -  2) =      1.91414  eV     1   --> A              
     e(  3 -  3) =      3.49108  eV     1   --> A              
     e(  4 -  4) =      4.77667  eV     1   --> A              
     e(  5 -  5) =      8.65428  eV     1   --> A              
     e(  6 -  6) =     10.10786  eV     1   --> A              
     e(  7 -  7) =     10.40416  eV     1   --> A              
     e(  8 -  8) =     11.70909  eV     1   --> A              

 **************************************************************************

 **************************************************************************

                    xk=(   0.08839,   0.44194,  -0.26517  )

     Band symmetry, C_1 (1)     point group:

     e(  1 -  1) =     -3.54030  eV     1   --> A              
     e(  2 -  2) =      0.36186  eV     1   --> A              
     e(  3 -  3) =      2.88301  eV     1   --> A              
     e(  4 -  4) =      4.27490  eV     1   --> A              
     e(  5 -  5) =      9.08470  eV     1   --> A              
     e(  6 -  6) =      9.76174  eV     1   --> A              
     e(  7 -  7) =     11.22748  eV     1   --> A              
     e(  8 -  8) =     12.14457  eV     1   --> A              

 **************************************************************************

 **************************************************************************

                    xk=(  -0.53033,  -0.17678,   0.35355  )

     Band symmetry, C_1 (1)     point group:

     e(  1 -  1) =     -2.88788  eV     1   --> A              
     e(  2 -  2) =     -0.58340  eV     1   --> A              
     e(  3 -  3) =      2.75415  eV     1   --> A              
     e(  4 -  4) =      4.04509  eV     1   --> A              
     e(  5 -  5) =      9.27367  eV     1   --> A              
     e(  6 -  6) =      9.34087  eV     1   --> A              
     e(  7 -  7) =     12.11908  eV     1   --> A              
     e(  8 -  8) =     13.32857  eV     1   --> A              

 **************************************************************************

 **************************************************************************

                    xk=(  -0.44194,  -0.08839,   0.26517  )

     Band symmetry, C_1 (1)     point group:

     e(  1 -  1) =     -3.54030  eV     1   --> A              
     e(  2 -  2) =      0.36186  eV     1   --> A              
     e(  3 -  3) =      2.88301  eV     1   --> A              
     e(  4 -  4) =      4.27490  eV     1   --> A              
     e(  5 -  5) =      9.08470  eV     1   --> A              
     e(  6 -  6) =      9.76174  eV     1   --> A              
     e(  7 -  7) =     11.22748  eV     1   --> A              
     e(  8 -  8) =     12.14457  eV     1   --> A              

 **************************************************************************

 **************************************************************************

                    xk=(  -0.35355,   0.00000,   0.17678  )

     Band symmetry, C_1 (1)     point group:

     e(  1 -  1) =     -4.42857  eV     1   --> A              
     e(  2 -  2) =      1.91414  eV     1   --> A              
     e(  3 -  3) =      3.49108  eV     1   --> A              
     e(  4 -  4) =      4.77667  eV     1   --> A              
     e(  5 -  5) =      8.65428  eV     1   --> A              
     e(  6 -  6) =     10.10786  eV     1   --> A              
     e(  7 -  7) =     10.40416  eV     1   --> A              
     e(  8 -  8) =     11.70909  eV     1   --> A              

 **************************************************************************

 **************************************************************************

                    xk=(  -0.26517,   0.08839,   0.08839  )

     Band symmetry, C_1 (1)     point group:

     e(  1 -  1) =     -5.01632  eV     1   --> A              
     e(  2 -  2) =      2.97974  eV     1   --> A              
     e(  3 -  3) =      4.88569  eV     1   --> A              
     e(  4 -  4) =      4.96206  eV     1   --> A              
     e(  5 -  5) =      8.35428  eV     1   --> A              
     e(  6 -  6) =      9.91291  eV     1   --> A              
     e(  7 -  7) =     10.67452  eV     1   --> A              
     e(  8 -  8) =     10.96085  eV     1   --> A              

 **************************************************************************

 **************************************************************************

                    xk=(  -0.17678,   0.17678,   0.17678  )

     Band symmetry, C_1 (1)     point group:

     e(  1 -  1) =     -4.95822  eV     1   --> A              
     e(  2 -  2) =      2.27660  eV     1   --> A              
     e(  3 -  4) =      5.44482  eV     2   -->   2 A              
     e(  5 -  5) =      8.23404  eV     1   --> A              
     e(  6 -  7) =      9.71176  eV     2   -->   2 A              
     e(  8 -  8) =     13.12359  eV     1   --> A              

 **************************************************************************

 **************************************************************************

                    xk=(  -0.08839,   0.26517,   0.08839  )

     Band symmetry, C_1 (1)     point group:

     e(  1 -  1) =     -5.01632  eV     1   --> A              
     e(  2 -  2) =      2.97974  eV     1   --> A              
     e(  3 -  3) =      4.88569  eV     1   --> A              
     e(  4 -  4) =      4.96206  eV     1   --> A              
     e(  5 -  5) =      8.35428  eV     1   --> A              
     e(  6 -  6) =      9.91291  eV     1   --> A              
     e(  7 -  7) =     10.67452  eV     1   --> A              
     e(  8 -  8) =     10.96085  eV     1   --> A              

 **************************************************************************

 **************************************************************************

                    xk=(   0.00000,   0.35355,   0.00000  )

     Band symmetry, C_1 (1)     point group:

     e(  1 -  1) =     -4.67601  eV     1   --> A              
     e(  2 -  2) =      2.68681  eV     1   --> A              
     e(  3 -  4) =      4.31409  eV     2   -->   2 A              
     e(  5 -  5) =      7.33660  eV     1   --> A              
     e(  6 -  6) =      9.34169  eV     1   --> A              
     e(  7 -  8) =     11.96389  eV     2   -->   2 A              

 **************************************************************************

 **************************************************************************

                    xk=(   0.08839,   0.44194,  -0.08839  )

     Band symmetry, C_1 (1)     point group:

     e(  1 -  1) =     -3.96605  eV     1   --> A              
     e(  2 -  2) =      1.26277  eV     1   --> A              
     e(  3 -  3) =      3.53340  eV     1   --> A              
     e(  4 -  4) =      3.99574  eV     1   --> A              
     e(  5 -  5) =      7.55772  eV     1   --> A              
     e(  6 -  6) =      9.10319  eV     1   --> A              
     e(  7 -  7) =     12.20455  eV     1   --> A              
     e(  8 -  8) =     12.47652  eV     1   --> A              

 **************************************************************************

 **************************************************************************

                    xk=(  -0.53033,  -0.17678,   0.53033  )

     Band symmetry, C_1 (1)     point group:

     e(  1 -  1) =     -3.04001  eV     1   --> A              
     e(  2 -  2) =     -0.17948  eV     1   --> A              
     e(  3 -  3) =      2.66980  eV     1   --> A              
     e(  4 -  4) =      3.99887  eV     1   --> A              
     e(  5 -  5) =      7.72738  eV     1   --> A              
     e(  6 -  6) =     10.65753  eV     1   --> A              
     e(  7 -  7) =     11.95152  eV     1   --> A              
     e(  8 -  8) =     12.12739  eV     1   --> A              

 **************************************************************************

 **************************************************************************

                    xk=(  -0.44194,  -0.08839,   0.44194  )

     Band symmetry, C_1 (1)     point group:

     e(  1 -  1) =     -2.83570  eV     1   --> A              
     e(  2 -  2) =     -0.43795  eV     1   --> A              
     e(  3 -  3) =      2.21115  eV     1   --> A              
     e(  4 -  4) =      4.31749  eV     1   --> A              
     e(  5 -  5) =      8.05173  eV     1   --> A              
     e(  6 -  6) =     11.67411  eV     1   --> A              
     e(  7 -  7) =     11.68759  eV     1   --> A              
     e(  8 -  8) =     13.16774  eV     1   --> A              

 **************************************************************************

 **************************************************************************

                    xk=(  -0.35355,   0.00000,   0.35355  )

     Band symmetry, C_1 (1)     point group:

     e(  1 -  1) =     -3.71424  eV     1   --> A              
     e(  2 -  2) =      0.72309  eV     1   --> A              
     e(  3 -  3) =      2.45132  eV     1   --> A              
     e(  4 -  4) =      4.87638  eV     1   --> A              
     e(  5 -  5) =      8.65666  eV     1   --> A              
     e(  6 -  6) =     10.99528  eV     1   --> A              
     e(  7 -  7) =     11.34280  eV     1   --> A              
     e(  8 -  8) =     12.35292  eV     1   --> A              

 **************************************************************************

 **************************************************************************

                    xk=(  -0.26517,   0.08839,   0.26517  )

     Band symmetry, C_1 (1)     point group:

     e(  1 -  1) =     -4.50773  eV     1   --> A              
     e(  2 -  2) =      1.57801  eV     1   --> A              
     e(  3 -  3) =      3.89346  eV     1   --> A              
     e(  4 -  4) =      5.43057  eV     1   --> A              
     e(  5 -  5) =      8.92453  eV     1   --> A              
     e(  6 -  6) =      9.88300  eV     1   --> A              
     e(  7 -  7) =     10.06461  eV     1   --> A              
     e(  8 -  8) =     12.50653  eV     1   --> A              

 **************************************************************************

 **************************************************************************

                    xk=(  -0.08839,   0.08839,   0.26517  )

     Band symmetry, C_1 (1)     point group:

     e(  1 -  1) =     -5.01632  eV     1   --> A              
     e(  2 -  2) =      2.97974  eV     1   --> A              
     e(  3 -  3) =      4.88569  eV     1   --> A              
     e(  4 -  4) =      4.96206  eV     1   --> A              
     e(  5 -  5) =      8.35428  eV     1   --> A              
     e(  6 -  6) =      9.91291  eV     1   --> A              
     e(  7 -  7) =     10.67452  eV     1   --> A              
     e(  8 -  8) =     10.96085  eV     1   --> A              

 **************************************************************************

 **************************************************************************

                    xk=(   0.00000,   0.17678,   0.17678  )

     Band symmetry, C_1 (1)     point group:

     e(  1 -  1) =     -5.21754  eV     1   --> A              
     e(  2 -  2) =      3.52011  eV     1   --> A              
     e(  3 -  3) =      4.57585  eV     1   --> A              
     e(  4 -  4) =      5.91219  eV     1   --> A              
     e(  5 -  5) =      9.24690  eV     1   --> A              
     e(  6 -  6) =      9.32906  eV     1   --> A              
     e(  7 -  7) =      9.56706  eV     1   --> A              
     e(  8 -  8) =     11.75548  eV     1   --> A              

 **************************************************************************

 **************************************************************************

                    xk=(   0.08839,   0.26517,   0.08839  )

     Band symmetry, C_1 (1)     point group:

     e(  1 -  1) =     -5.01632  eV     1   --> A              
     e(  2 -  2) =      2.97974  eV     1   --> A              
     e(  3 -  3) =      4.88569  eV     1   --> A              
     e(  4 -  4) =      4.96206  eV     1   --> A              
     e(  5 -  5) =      8.35428  eV     1   --> A              
     e(  6 -  6) =      9.91291  eV     1   --> A              
     e(  7 -  7) =     10.67452  eV     1   --> A              
     e(  8 -  8) =     10.96085  eV     1   --> A              

 **************************************************************************

 **************************************************************************

                    xk=(   0.17678,   0.35355,   0.00000  )

     Band symmetry, C_1 (1)     point group:

     e(  1 -  1) =     -4.42857  eV     1   --> A              
     e(  2 -  2) =      1.91414  eV     1   --> A              
     e(  3 -  3) =      3.49108  eV     1   --> A              
     e(  4 -  4) =      4.77667  eV     1   --> A              
     e(  5 -  5) =      8.65428  eV     1   --> A              
     e(  6 -  6) =     10.10786  eV     1   --> A              
     e(  7 -  7) =     10.40416  eV     1   --> A              
     e(  8 -  8) =     11.70909  eV     1   --> A              

 **************************************************************************

 **************************************************************************

                    xk=(  -0.44194,  -0.26517,   0.61872  )

     Band symmetry, C_1 (1)     point group:

     e(  1 -  1) =     -3.54030  eV     1   --> A              
     e(  2 -  2) =      0.36186  eV     1   --> A              
     e(  3 -  3) =      2.88301  eV     1   --> A              
     e(  4 -  4) =      4.27490  eV     1   --> A              
     e(  5 -  5) =      9.08470  eV     1   --> A              
     e(  6 -  6) =      9.76174  eV     1   --> A              
     e(  7 -  7) =     11.22748  eV     1   --> A              
     e(  8 -  8) =     12.14457  eV     1   --> A              

 **************************************************************************

 **************************************************************************

                    xk=(  -0.35355,  -0.17678,   0.53033  )

     Band symmetry, C_1 (1)     point group:

     e(  1 -  1) =     -2.88788  eV     1   --> A              
     e(  2 -  2) =     -0.58340  eV     1   --> A              
     e(  3 -  3) =      2.75415  eV     1   --> A              
     e(  4 -  4) =      4.04509  eV     1   --> A              
     e(  5 -  5) =      9.27367  eV     1   --> A              
     e(  6 -  6) =      9.34087  eV     1   --> A              
     e(  7 -  7) =     12.11908  eV     1   --> A              
     e(  8 -  8) =     13.32857  eV     1   --> A              

 **************************************************************************

 **************************************************************************

                    xk=(  -0.26517,  -0.08839,   0.44194  )

     Band symmetry, C_1 (1)     point group:

     e(  1 -  1) =     -3.54030  eV     1   --> A              
     e(  2 -  2) =      0.36186  eV     1   --> A              
     e(  3 -  3) =      2.88301  eV     1   --> A              
     e(  4 -  4) =      4.27490  eV     1   --> A              
     e(  5 -  5) =      9.08470  eV     1   --> A              
     e(  6 -  6) =      9.76174  eV     1   --> A              
     e(  7 -  7) =     11.22748  eV     1   --> A              
     e(  8 -  8) =     12.14457  eV     1   --> A              

 **************************************************************************

 **************************************************************************

                    xk=(  -0.17678,   0.00000,   0.35355  )

     Band symmetry, C_1 (1)     point group:

     e(  1 -  1) =     -4.42857  eV     1   --> A              
     e(  2 -  2) =      1.91414  eV     1   --> A              
     e(  3 -  3) =      3.49108  eV     1   --> A              
     e(  4 -  4) =      4.77667  eV     1   --> A              
     e(  5 -  5) =      8.65428  eV     1   --> A              
     e(  6 -  6) =     10.10786  eV     1   --> A              
     e(  7 -  7) =     10.40416  eV     1   --> A              
     e(  8 -  8) =     11.70909  eV     1   --> A              

 **************************************************************************

 **************************************************************************

                    xk=(   0.00000,   0.00000,   0.35355  )

     Band symmetry, C_1 (1)     point group:

     e(  1 -  1) =     -4.67601  eV     1   --> A              
     e(  2 -  2) =      2.68681  eV     1   --> A              
     e(  3 -  4) =      4.31409  eV     2   -->   2 A              
     e(  5 -  5) =      7.33660  eV     1   --> A              
     e(  6 -  6) =      9.34169  eV     1   --> A              
     e(  7 -  8) =     11.96389  eV     2   -->   2 A              

 **************************************************************************

 **************************************************************************

                    xk=(   0.08839,   0.08839,   0.26517  )

     Band symmetry, C_1 (1)     point group:

     e(  1 -  1) =     -5.01632  eV     1   --> A              
     e(  2 -  2) =      2.97974  eV     1   --> A              
     e(  3 -  3) =      4.88569  eV     1   --> A              
     e(  4 -  4) =      4.96206  eV     1   --> A              
     e(  5 -  5) =      8.35428  eV     1   --> A              
     e(  6 -  6) =      9.91291  eV     1   --> A              
     e(  7 -  7) =     10.67452  eV     1   --> A              
     e(  8 -  8) =     10.96085  eV     1   --> A              

 **************************************************************************

 **************************************************************************

                    xk=(   0.17678,   0.17678,   0.17678  )

     Band symmetry, C_1 (1)     point group:

     e(  1 -  1) =     -4.95822  eV     1   --> A              
     e(  2 -  2) =      2.27660  eV     1   --> A              
     e(  3 -  4) =      5.44482  eV     2   -->   2 A              
     e(  5 -  5) =      8.23404  eV     1   --> A              
     e(  6 -  7) =      9.71176  eV     2   -->   2 A              
     e(  8 -  8) =     13.12359  eV     1   --> A              

 **************************************************************************

 **************************************************************************

                    xk=(   0.26517,   0.26517,   0.08839  )

     Band symmetry, C_1 (1)     point group:

     e(  1 -  1) =     -4.50773  eV     1   --> A              
     e(  2 -  2) =      1.57801  eV     1   --> A              
     e(  3 -  3) =      3.89346  eV     1   --> A              
     e(  4 -  4) =      5.43057  eV     1   --> A              
     e(  5 -  5) =      8.92453  eV     1   --> A              
     e(  6 -  6) =      9.88300  eV     1   --> A              
     e(  7 -  7) =     10.06461  eV     1   --> A              
     e(  8 -  8) =     12.50653  eV     1   --> A              

 **************************************************************************

 **************************************************************************

                    xk=(  -0.35355,  -0.35355,   0.70711  )

     Band symmetry, C_1 (1)     point group:

     e(  1 -  1) =     -3.71424  eV     1   --> A              
     e(  2 -  2) =      0.72309  eV     1   --> A              
     e(  3 -  3) =      2.45132  eV     1   --> A              
     e(  4 -  4) =      4.87638  eV     1   --> A              
     e(  5 -  5) =      8.65666  eV     1   --> A              
     e(  6 -  6) =     10.99528  eV     1   --> A              
     e(  7 -  7) =     11.34280  eV     1   --> A              
     e(  8 -  8) =     12.35292  eV     1   --> A              

 **************************************************************************

 **************************************************************************

                    xk=(  -0.26517,  -0.26517,   0.61872  )

     Band symmetry, C_1 (1)     point group:

     e(  1 -  1) =     -2.83570  eV     1   --> A              
     e(  2 -  2) =     -0.43795  eV     1   --> A              
     e(  3 -  3) =      2.21115  eV     1   --> A              
     e(  4 -  4) =      4.31749  eV     1   --> A              
     e(  5 -  5) =      8.05173  eV     1   --> A              
     e(  6 -  6) =     11.67411  eV     1   --> A              
     e(  7 -  7) =     11.68759  eV     1   --> A              
     e(  8 -  8) =     13.16774  eV     1   --> A              

 **************************************************************************

 **************************************************************************

                    xk=(  -0.17678,  -0.17678,   0.53033  )

     Band symmetry, C_1 (1)     point group:

     e(  1 -  1) =     -3.04001  eV     1   --> A              
     e(  2 -  2) =     -0.17948  eV     1   --> A              
     e(  3 -  3) =      2.66980  eV     1   --> A              
     e(  4 -  4) =      3.99887  eV     1   --> A              
     e(  5 -  5) =      7.72738  eV     1   --> A              
     e(  6 -  6) =     10.65753  eV     1   --> A              
     e(  7 -  7) =     11.95152  eV     1   --> A              
     e(  8 -  8) =     12.12739  eV     1   --> A              

 **************************************************************************

 **************************************************************************

                    xk=(  -0.08839,  -0.08839,   0.44194  )

     Band symmetry, C_1 (1)     point group:

     e(  1 -  1) =     -3.96605  eV     1   --> A              
     e(  2 -  2) =      1.26277  eV     1   --> A              
     e(  3 -  3) =      3.53340  eV     1   --> A              
     e(  4 -  4) =      3.99574  eV     1   --> A              
     e(  5 -  5) =      7.55772  eV     1   --> A              
     e(  6 -  6) =      9.10319  eV     1   --> A              
     e(  7 -  7) =     12.20455  eV     1   --> A              
     e(  8 -  8) =     12.47652  eV     1   --> A              

 **************************************************************************

 **************************************************************************

                    xk=(   0.08839,  -0.08839,   0.44194  )

     Band symmetry, C_1 (1)     point group:

     e(  1 -  1) =     -3.96605  eV     1   --> A              
     e(  2 -  2) =      1.26277  eV     1   --> A              
     e(  3 -  3) =      3.53340  eV     1   --> A              
     e(  4 -  4) =      3.99574  eV     1   --> A              
     e(  5 -  5) =      7.55772  eV     1   --> A              
     e(  6 -  6) =      9.10319  eV     1   --> A              
     e(  7 -  7) =     12.20455  eV     1   --> A              
     e(  8 -  8) =     12.47652  eV     1   --> A              

 **************************************************************************

 **************************************************************************

                    xk=(   0.17678,  -0.00000,   0.35355  )

     Band symmetry, C_1 (1)     point group:

     e(  1 -  1) =     -4.42857  eV     1   --> A              
     e(  2 -  2) =      1.91414  eV     1   --> A              
     e(  3 -  3) =      3.49108  eV     1   --> A              
     e(  4 -  4) =      4.77667  eV     1   --> A              
     e(  5 -  5) =      8.65428  eV     1   --> A              
     e(  6 -  6) =     10.10786  eV     1   --> A              
     e(  7 -  7) =     10.40416  eV     1   --> A              
     e(  8 -  8) =     11.70909  eV     1   --> A              

 **************************************************************************

 **************************************************************************

                    xk=(   0.26517,   0.08839,   0.26517  )

     Band symmetry, C_1 (1)     point group:

     e(  1 -  1) =     -4.50773  eV     1   --> A              
     e(  2 -  2) =      1.57801  eV     1   --> A              
     e(  3 -  3) =      3.89346  eV     1   --> A              
     e(  4 -  4) =      5.43057  eV     1   --> A              
     e(  5 -  5) =      8.92453  eV     1   --> A              
     e(  6 -  6) =      9.88300  eV     1   --> A              
     e(  7 -  7) =     10.06461  eV     1   --> A              
     e(  8 -  8) =     12.50653  eV     1   --> A              

 **************************************************************************

 **************************************************************************

                    xk=(   0.35355,   0.17678,   0.17678  )

     Band symmetry, C_1 (1)     point group:

     e(  1 -  1) =     -4.20144  eV     1   --> A              
     e(  2 -  2) =      0.91860  eV     1   --> A              
     e(  3 -  3) =      4.37026  eV     1   --> A              
     e(  4 -  4) =      4.61740  eV     1   --> A              
     e(  5 -  5) =      8.45389  eV     1   --> A              
     e(  6 -  6) =      9.84785  eV     1   --> A              
     e(  7 -  7) =     10.67172  eV     1   --> A              
     e(  8 -  8) =     11.67758  eV     1   --> A              

 **************************************************************************

 **************************************************************************

                    xk=(  -0.26517,  -0.44194,   0.79550  )

     Band symmetry, C_1 (1)     point group:

     e(  1 -  1) =     -3.54030  eV     1   --> A              
     e(  2 -  2) =      0.36186  eV     1   --> A              
     e(  3 -  3) =      2.88301  eV     1   --> A              
     e(  4 -  4) =      4.27490  eV     1   --> A              
     e(  5 -  5) =      9.08470  eV     1   --> A              
     e(  6 -  6) =      9.76174  eV     1   --> A              
     e(  7 -  7) =     11.22748  eV     1   --> A              
     e(  8 -  8) =     12.14457  eV     1   --> A              

 **************************************************************************

 **************************************************************************

                    xk=(  -0.17678,  -0.35355,   0.70711  )

     Band symmetry, C_1 (1)     point group:

     e(  1 -  1) =     -2.64077  eV     1   --> A              
     e(  2 -  2) =     -0.36570  eV     1   --> A              
     e(  3 -  3) =      1.97660  eV     1   --> A              
     e(  4 -  4) =      3.62013  eV     1   --> A              
     e(  5 -  5) =      9.07615  eV     1   --> A              
     e(  6 -  6) =     10.75278  eV     1   --> A              
     e(  7 -  7) =     11.42312  eV     1   --> A              
     e(  8 -  8) =     13.23862  eV     1   --> A              

 **************************************************************************

 **************************************************************************

                    xk=(  -0.08839,  -0.26517,   0.61872  )

     Band symmetry, C_1 (1)     point group:

     e(  1 -  1) =     -2.29014  eV     1   --> A              
     e(  2 -  2) =     -0.72895  eV     1   --> A              
     e(  3 -  3) =      2.14349  eV     1   --> A              
     e(  4 -  4) =      3.24403  eV     1   --> A              
     e(  5 -  5) =      8.59626  eV     1   --> A              
     e(  6 -  6) =     10.49043  eV     1   --> A              
     e(  7 -  7) =     11.48397  eV     1   --> A              
     e(  8 -  8) =     13.64700  eV     1   --> A              

 **************************************************************************

 **************************************************************************

                    xk=(   0.00000,  -0.17678,   0.53033  )

     Band symmetry, C_1 (1)     point group:

     e(  1 -  1) =     -3.16497  eV     1   --> A              
     e(  2 -  2) =      0.23916  eV     1   --> A              
     e(  3 -  3) =      2.84175  eV     1   --> A              
     e(  4 -  4) =      3.44478  eV     1   --> A              
     e(  5 -  5) =      8.15436  eV     1   --> A              
     e(  6 -  6) =      8.85497  eV     1   --> A              
     e(  7 -  7) =     11.96151  eV     1   --> A              
     e(  8 -  8) =     14.19687  eV     1   --> A              

 **************************************************************************

 **************************************************************************

                    xk=(  -0.53033,   0.53033,  -0.17678  )

     Band symmetry, C_1 (1)     point group:

     e(  1 -  1) =     -3.04001  eV     1   --> A              
     e(  2 -  2) =     -0.17948  eV     1   --> A              
     e(  3 -  3) =      2.66980  eV     1   --> A              
     e(  4 -  4) =      3.99887  eV     1   --> A              
     e(  5 -  5) =      7.72738  eV     1   --> A              
     e(  6 -  6) =     10.65753  eV     1   --> A              
     e(  7 -  7) =     11.95152  eV     1   --> A              
     e(  8 -  8) =     12.12739  eV     1   --> A              

 **************************************************************************

 **************************************************************************

                    xk=(  -0.44194,   0.61872,  -0.26517  )

     Band symmetry, C_1 (1)     point group:

     e(  1 -  1) =     -3.54030  eV     1   --> A              
     e(  2 -  2) =      0.36186  eV     1   --> A              
     e(  3 -  3) =      2.88301  eV     1   --> A              
     e(  4 -  4) =      4.27490  eV     1   --> A              
     e(  5 -  5) =      9.08470  eV     1   --> A              
     e(  6 -  6) =      9.76174  eV     1   --> A              
     e(  7 -  7) =     11.22748  eV     1   --> A              
     e(  8 -  8) =     12.14457  eV     1   --> A              

 **************************************************************************

 **************************************************************************

                    xk=(  -0.35355,   0.70711,  -0.35355  )

     Band symmetry, C_1 (1)     point group:

     e(  1 -  1) =     -3.71424  eV     1   --> A              
     e(  2 -  2) =      0.72309  eV     1   --> A              
     e(  3 -  3) =      2.45132  eV     1   --> A              
     e(  4 -  4) =      4.87638  eV     1   --> A              
     e(  5 -  5) =      8.65666  eV     1   --> A              
     e(  6 -  6) =     10.99528  eV     1   --> A              
     e(  7 -  7) =     11.34280  eV     1   --> A              
     e(  8 -  8) =     12.35292  eV     1   --> A              

 **************************************************************************

 **************************************************************************

                    xk=(  -0.26517,   0.79550,  -0.44194  )

     Band symmetry, C_1 (1)     point group:

     e(  1 -  1) =     -3.54030  eV     1   --> A              
     e(  2 -  2) =      0.36186  eV     1   --> A              
     e(  3 -  3) =      2.88301  eV     1   --> A              
     e(  4 -  4) =      4.27490  eV     1   --> A              
     e(  5 -  5) =      9.08470  eV     1   --> A              
     e(  6 -  6) =      9.76174  eV     1   --> A              
     e(  7 -  7) =     11.22748  eV     1   --> A              
     e(  8 -  8) =     12.14457  eV     1   --> A              

 **************************************************************************

 **************************************************************************

                    xk=(  -0.88388,   0.17678,   0.17678  )

     Band symmetry, C_1 (1)     point group:

     e(  1 -  1) =     -3.04001  eV     1   --> A              
     e(  2 -  2) =     -0.17948  eV     1   --> A              
     e(  3 -  3) =      2.66980  eV     1   --> A              
     e(  4 -  4) =      3.99887  eV     1   --> A              
     e(  5 -  5) =      7.72738  eV     1   --> A              
     e(  6 -  6) =     10.65753  eV     1   --> A              
     e(  7 -  7) =     11.95152  eV     1   --> A              
     e(  8 -  8) =     12.12739  eV     1   --> A              

 **************************************************************************

 **************************************************************************

                    xk=(  -0.79550,   0.26517,   0.08839  )

     Band symmetry, C_1 (1)     point group:

     e(  1 -  1) =     -2.29014  eV     1   --> A              
     e(  2 -  2) =     -0.72895  eV     1   --> A              
     e(  3 -  3) =      2.14349  eV     1   --> A              
     e(  4 -  4) =      3.24403  eV     1   --> A              
     e(  5 -  5) =      8.59626  eV     1   --> A              
     e(  6 -  6) =     10.49043  eV     1   --> A              
     e(  7 -  7) =     11.48397  eV     1   --> A              
     e(  8 -  8) =     13.64700  eV     1   --> A              

 **************************************************************************

 **************************************************************************

                    xk=(  -0.70711,   0.35355,   0.00000  )

     Band symmetry, C_1 (1)     point group:

     e(  1 -  2) =     -1.44977  eV     2   -->   2 A              
     e(  3 -  4) =      2.35128  eV     2   -->   2 A              
     e(  5 -  6) =     10.47953  eV     2   -->   2 A              
     e(  7 -  8) =     11.20925  eV     2   -->   2 A              

 **************************************************************************

 **************************************************************************

                    xk=(  -0.61872,   0.44194,  -0.08839  )

     Band symmetry, C_1 (1)     point group:

     e(  1 -  1) =     -2.29014  eV     1   --> A              
     e(  2 -  2) =     -0.72895  eV     1   --> A              
     e(  3 -  3) =      2.14349  eV     1   --> A              
     e(  4 -  4) =      3.24403  eV     1   --> A              
     e(  5 -  5) =      8.59626  eV     1   --> A              
     e(  6 -  6) =     10.49043  eV     1   --> A              
     e(  7 -  7) =     11.48397  eV     1   --> A              
     e(  8 -  8) =     13.64700  eV     1   --> A              

 **************************************************************************

 **************************************************************************

                    xk=(  -0.44194,   0.44194,  -0.08839  )

     Band symmetry, C_1 (1)     point group:

     e(  1 -  1) =     -2.83570  eV     1   --> A              
     e(  2 -  2) =     -0.43795  eV     1   --> A              
     e(  3 -  3) =      2.21115  eV     1   --> A              
     e(  4 -  4) =      4.31749  eV     1   --> A              
     e(  5 -  5) =      8.05173  eV     1   --> A              
     e(  6 -  6) =     11.67411  eV     1   --> A              
     e(  7 -  7) =     11.68759  eV     1   --> A              
     e(  8 -  8) =     13.16774  eV     1   --> A              

 **************************************************************************

 **************************************************************************

                    xk=(  -0.35355,   0.53033,  -0.17678  )

     Band symmetry, C_1 (1)     point group:

     e(  1 -  1) =     -2.88788  eV     1   --> A              
     e(  2 -  2) =     -0.58340  eV     1   --> A              
     e(  3 -  3) =      2.75415  eV     1   --> A              
     e(  4 -  4) =      4.04509  eV     1   --> A              
     e(  5 -  5) =      9.27367  eV     1   --> A              
     e(  6 -  6) =      9.34087  eV     1   --> A              
     e(  7 -  7) =     12.11908  eV     1   --> A              
     e(  8 -  8) =     13.32857  eV     1   --> A              

 **************************************************************************

 **************************************************************************

                    xk=(  -0.26517,   0.61872,  -0.26517  )

     Band symmetry, C_1 (1)     point group:

     e(  1 -  1) =     -2.83570  eV     1   --> A              
     e(  2 -  2) =     -0.43795  eV     1   --> A              
     e(  3 -  3) =      2.21115  eV     1   --> A              
     e(  4 -  4) =      4.31749  eV     1   --> A              
     e(  5 -  5) =      8.05173  eV     1   --> A              
     e(  6 -  6) =     11.67411  eV     1   --> A              
     e(  7 -  7) =     11.68759  eV     1   --> A              
     e(  8 -  8) =     13.16774  eV     1   --> A              

 **************************************************************************

 **************************************************************************

                    xk=(  -0.17678,   0.70711,  -0.35355  )

     Band symmetry, C_1 (1)     point group:

     e(  1 -  1) =     -2.64077  eV     1   --> A              
     e(  2 -  2) =     -0.36570  eV     1   --> A              
     e(  3 -  3) =      1.97660  eV     1   --> A              
     e(  4 -  4) =      3.62013  eV     1   --> A              
     e(  5 -  5) =      9.07615  eV     1   --> A              
     e(  6 -  6) =     10.75278  eV     1   --> A              
     e(  7 -  7) =     11.42312  eV     1   --> A              
     e(  8 -  8) =     13.23862  eV     1   --> A              

 **************************************************************************

 **************************************************************************

                    xk=(  -0.79550,   0.08839,   0.26517  )

     Band symmetry, C_1 (1)     point group:

     e(  1 -  1) =     -2.29014  eV     1   --> A              
     e(  2 -  2) =     -0.72895  eV     1   --> A              
     e(  3 -  3) =      2.14349  eV     1   --> A              
     e(  4 -  4) =      3.24403  eV     1   --> A              
     e(  5 -  5) =      8.59626  eV     1   --> A              
     e(  6 -  6) =     10.49043  eV     1   --> A              
     e(  7 -  7) =     11.48397  eV     1   --> A              
     e(  8 -  8) =     13.64700  eV     1   --> A              

 **************************************************************************

 **************************************************************************

                    xk=(  -0.70711,   0.17678,   0.17678  )

     Band symmetry, C_1 (1)     point group:

     e(  1 -  1) =     -2.02743  eV     1   --> A              
     e(  2 -  2) =     -1.02367  eV     1   --> A              
     e(  3 -  3) =      1.90203  eV     1   --> A              
     e(  4 -  4) =      3.77864  eV     1   --> A              
     e(  5 -  5) =      7.41150  eV     1   --> A              
     e(  6 -  6) =     10.33744  eV     1   --> A              
     e(  7 -  7) =     13.67481  eV     1   --> A              
     e(  8 -  8) =     14.22297  eV     1   --> A              

 **************************************************************************

 **************************************************************************

                    xk=(  -0.61872,   0.26517,   0.08839  )

     Band symmetry, C_1 (1)     point group:

     e(  1 -  1) =     -2.29014  eV     1   --> A              
     e(  2 -  2) =     -0.72895  eV     1   --> A              
     e(  3 -  3) =      2.14349  eV     1   --> A              
     e(  4 -  4) =      3.24403  eV     1   --> A              
     e(  5 -  5) =      8.59626  eV     1   --> A              
     e(  6 -  6) =     10.49043  eV     1   --> A              
     e(  7 -  7) =     11.48397  eV     1   --> A              
     e(  8 -  8) =     13.64700  eV     1   --> A              

 **************************************************************************

 **************************************************************************

                    xk=(  -0.53033,   0.35355,  -0.00000  )

     Band symmetry, C_1 (1)     point group:

     e(  1 -  1) =     -2.64077  eV     1   --> A              
     e(  2 -  2) =     -0.36570  eV     1   --> A              
     e(  3 -  3) =      1.97660  eV     1   --> A              
     e(  4 -  4) =      3.62013  eV     1   --> A              
     e(  5 -  5) =      9.07615  eV     1   --> A              
     e(  6 -  6) =     10.75278  eV     1   --> A              
     e(  7 -  7) =     11.42312  eV     1   --> A              
     e(  8 -  8) =     13.23862  eV     1   --> A              

 **************************************************************************

 **************************************************************************

                    xk=(  -0.35355,   0.35355,   0.00000  )

     Band symmetry, C_1 (1)     point group:

     e(  1 -  1) =     -3.71424  eV     1   --> A              
     e(  2 -  2) =      0.72309  eV     1   --> A              
     e(  3 -  3) =      2.45132  eV     1   --> A              
     e(  4 -  4) =      4.87638  eV     1   --> A              
     e(  5 -  5) =      8.65666  eV     1   --> A              
     e(  6 -  6) =     10.99528  eV     1   --> A              
     e(  7 -  7) =     11.34280  eV     1   --> A              
     e(  8 -  8) =     12.35292  eV     1   --> A              

 **************************************************************************

 **************************************************************************

                    xk=(  -0.26517,   0.44194,  -0.08839  )

     Band symmetry, C_1 (1)     point group:

     e(  1 -  1) =     -3.54030  eV     1   --> A              
     e(  2 -  2) =      0.36186  eV     1   --> A              
     e(  3 -  3) =      2.88301  eV     1   --> A              
     e(  4 -  4) =      4.27490  eV     1   --> A              
     e(  5 -  5) =      9.08470  eV     1   --> A              
     e(  6 -  6) =      9.76174  eV     1   --> A              
     e(  7 -  7) =     11.22748  eV     1   --> A              
     e(  8 -  8) =     12.14457  eV     1   --> A              

 **************************************************************************

 **************************************************************************

                    xk=(  -0.17678,   0.53033,  -0.17678  )

     Band symmetry, C_1 (1)     point group:

     e(  1 -  1) =     -3.04001  eV     1   --> A              
     e(  2 -  2) =     -0.17948  eV     1   --> A              
     e(  3 -  3) =      2.66980  eV     1   --> A              
     e(  4 -  4) =      3.99887  eV     1   --> A              
     e(  5 -  5) =      7.72738  eV     1   --> A              
     e(  6 -  6) =     10.65753  eV     1   --> A              
     e(  7 -  7) =     11.95152  eV     1   --> A              
     e(  8 -  8) =     12.12739  eV     1   --> A              

 **************************************************************************

 **************************************************************************

                    xk=(  -0.08839,   0.61872,  -0.26517  )

     Band symmetry, C_1 (1)     point group:

     e(  1 -  1) =     -2.29014  eV     1   --> A              
     e(  2 -  2) =     -0.72895  eV     1   --> A              
     e(  3 -  3) =      2.14349  eV     1   --> A              
     e(  4 -  4) =      3.24403  eV     1   --> A              
     e(  5 -  5) =      8.59626  eV     1   --> A              
     e(  6 -  6) =     10.49043  eV     1   --> A              
     e(  7 -  7) =     11.48397  eV     1   --> A              
     e(  8 -  8) =     13.64700  eV     1   --> A              

 **************************************************************************

 **************************************************************************

                    xk=(  -0.70711,   0.00000,   0.35355  )

     Band symmetry, C_1 (1)     point group:

     e(  1 -  2) =     -1.44977  eV     2   -->   2 A              
     e(  3 -  4) =      2.35128  eV     2   -->   2 A              
     e(  5 -  6) =     10.47953  eV     2   -->   2 A              
     e(  7 -  8) =     11.20925  eV     2   -->   2 A              

 **************************************************************************

 **************************************************************************

                    xk=(  -0.61872,   0.08839,   0.26517  )

     Band symmetry, C_1 (1)     point group:

     e(  1 -  1) =     -2.29014  eV     1   --> A              
     e(  2 -  2) =     -0.72895  eV     1   --> A              
     e(  3 -  3) =      2.14349  eV     1   --> A              
     e(  4 -  4) =      3.24403  eV     1   --> A              
     e(  5 -  5) =      8.59626  eV     1   --> A              
     e(  6 -  6) =     10.49043  eV     1   --> A              
     e(  7 -  7) =     11.48397  eV     1   --> A              
     e(  8 -  8) =     13.64700  eV     1   --> A              

 **************************************************************************

 **************************************************************************

                    xk=(  -0.53033,   0.17678,   0.17678  )

     Band symmetry, C_1 (1)     point group:

     e(  1 -  1) =     -3.04001  eV     1   --> A              
     e(  2 -  2) =     -0.17948  eV     1   --> A              
     e(  3 -  3) =      2.66980  eV     1   --> A              
     e(  4 -  4) =      3.99887  eV     1   --> A              
     e(  5 -  5) =      7.72738  eV     1   --> A              
     e(  6 -  6) =     10.65753  eV     1   --> A              
     e(  7 -  7) =     11.95152  eV     1   --> A              
     e(  8 -  8) =     12.12739  eV     1   --> A              

 **************************************************************************

 **************************************************************************

                    xk=(  -0.44194,   0.26517,   0.08839  )

     Band symmetry, C_1 (1)     point group:

     e(  1 -  1) =     -3.54030  eV     1   --> A              
     e(  2 -  2) =      0.36186  eV     1   --> A              
     e(  3 -  3) =      2.88301  eV     1   --> A              
     e(  4 -  4) =      4.27490  eV     1   --> A              
     e(  5 -  5) =      9.08470  eV     1   --> A              
     e(  6 -  6) =      9.76174  eV     1   --> A              
     e(  7 -  7) =     11.22748  eV     1   --> A              
     e(  8 -  8) =     12.14457  eV     1   --> A              

 **************************************************************************

 **************************************************************************

                    xk=(  -0.26517,   0.26517,   0.08839  )

     Band symmetry, C_1 (1)     point group:

     e(  1 -  1) =     -4.50773  eV     1   --> A              
     e(  2 -  2) =      1.57801  eV     1   --> A              
     e(  3 -  3) =      3.89346  eV     1   --> A              
     e(  4 -  4) =      5.43057  eV     1   --> A              
     e(  5 -  5) =      8.92453  eV     1   --> A              
     e(  6 -  6) =      9.88300  eV     1   --> A              
     e(  7 -  7) =     10.06461  eV     1   --> A              
     e(  8 -  8) =     12.50653  eV     1   --> A              

 **************************************************************************

 **************************************************************************

                    xk=(  -0.17678,   0.35355,   0.00000  )

     Band symmetry, C_1 (1)     point group:

     e(  1 -  1) =     -4.42857  eV     1   --> A              
     e(  2 -  2) =      1.91414  eV     1   --> A              
     e(  3 -  3) =      3.49108  eV     1   --> A              
     e(  4 -  4) =      4.77667  eV     1   --> A              
     e(  5 -  5) =      8.65428  eV     1   --> A              
     e(  6 -  6) =     10.10786  eV     1   --> A              
     e(  7 -  7) =     10.40416  eV     1   --> A              
     e(  8 -  8) =     11.70909  eV     1   --> A              

 **************************************************************************

 **************************************************************************

                    xk=(  -0.08839,   0.44194,  -0.08839  )

     Band symmetry, C_1 (1)     point group:

     e(  1 -  1) =     -3.96605  eV     1   --> A              
     e(  2 -  2) =      1.26277  eV     1   --> A              
     e(  3 -  3) =      3.53340  eV     1   --> A              
     e(  4 -  4) =      3.99574  eV     1   --> A              
     e(  5 -  5) =      7.55772  eV     1   --> A              
     e(  6 -  6) =      9.10319  eV     1   --> A              
     e(  7 -  7) =     12.20455  eV     1   --> A              
     e(  8 -  8) =     12.47652  eV     1   --> A              

 **************************************************************************

 **************************************************************************

                    xk=(   0.00000,   0.53033,  -0.17678  )

     Band symmetry, C_1 (1)     point group:

     e(  1 -  1) =     -3.16497  eV     1   --> A              
     e(  2 -  2) =      0.23916  eV     1   --> A              
     e(  3 -  3) =      2.84175  eV     1   --> A              
     e(  4 -  4) =      3.44478  eV     1   --> A              
     e(  5 -  5) =      8.15436  eV     1   --> A              
     e(  6 -  6) =      8.85497  eV     1   --> A              
     e(  7 -  7) =     11.96151  eV     1   --> A              
     e(  8 -  8) =     14.19687  eV     1   --> A              

 **************************************************************************

 **************************************************************************

                    xk=(  -0.61872,  -0.08839,   0.44194  )

     Band symmetry, C_1 (1)     point group:

     e(  1 -  1) =     -2.29014  eV     1   --> A              
     e(  2 -  2) =     -0.72895  eV     1   --> A              
     e(  3 -  3) =      2.14349  eV     1   --> A              
     e(  4 -  4) =      3.24403  eV     1   --> A              
     e(  5 -  5) =      8.59626  eV     1   --> A              
     e(  6 -  6) =     10.49043  eV     1   --> A              
     e(  7 -  7) =     11.48397  eV     1   --> A              
     e(  8 -  8) =     13.64700  eV     1   --> A              

 **************************************************************************

 **************************************************************************

                    xk=(  -0.53033,   0.00000,   0.35355  )

     Band symmetry, C_1 (1)     point group:

     e(  1 -  1) =     -2.64077  eV     1   --> A              
     e(  2 -  2) =     -0.36570  eV     1   --> A              
     e(  3 -  3) =      1.97660  eV     1   --> A              
     e(  4 -  4) =      3.62013  eV     1   --> A              
     e(  5 -  5) =      9.07615  eV     1   --> A              
     e(  6 -  6) =     10.75278  eV     1   --> A              
     e(  7 -  7) =     11.42312  eV     1   --> A              
     e(  8 -  8) =     13.23862  eV     1   --> A              

 **************************************************************************

 **************************************************************************

                    xk=(  -0.44194,   0.08839,   0.26517  )

     Band symmetry, C_1 (1)     point group:

     e(  1 -  1) =     -3.54030  eV     1   --> A              
     e(  2 -  2) =      0.36186  eV     1   --> A              
     e(  3 -  3) =      2.88301  eV     1   --> A              
     e(  4 -  4) =      4.27490  eV     1   --> A              
     e(  5 -  5) =      9.08470  eV     1   --> A              
     e(  6 -  6) =      9.76174  eV     1   --> A              
     e(  7 -  7) =     11.22748  eV     1   --> A              
     e(  8 -  8) =     12.14457  eV     1   --> A              

 **************************************************************************

 **************************************************************************

                    xk=(  -0.35355,   0.17678,   0.17678  )

     Band symmetry, C_1 (1)     point group:

     e(  1 -  1) =     -4.20144  eV     1   --> A              
     e(  2 -  2) =      0.91860  eV     1   --> A              
     e(  3 -  3) =      4.37026  eV     1   --> A              
     e(  4 -  4) =      4.61740  eV     1   --> A              
     e(  5 -  5) =      8.45389  eV     1   --> A              
     e(  6 -  6) =      9.84785  eV     1   --> A              
     e(  7 -  7) =     10.67172  eV     1   --> A              
     e(  8 -  8) =     11.67758  eV     1   --> A              

 **************************************************************************

 **************************************************************************

                    xk=(  -0.26517,   0.26517,   0.26517  )

     Band symmetry, C_1 (1)     point group:

     e(  1 -  1) =     -4.06452  eV     1   --> A              
     e(  2 -  2) =      0.25606  eV     1   --> A              
     e(  3 -  4) =      5.11748  eV     2   -->   2 A              
     e(  5 -  5) =      7.87081  eV     1   --> A              
     e(  6 -  7) =      9.65786  eV     2   -->   2 A              
     e(  8 -  8) =     14.09408  eV     1   --> A              

 **************************************************************************

 **************************************************************************

                    xk=(  -0.17678,   0.35355,   0.17678  )

     Band symmetry, C_1 (1)     point group:

     e(  1 -  1) =     -4.20144  eV     1   --> A              
     e(  2 -  2) =      0.91860  eV     1   --> A              
     e(  3 -  3) =      4.37026  eV     1   --> A              
     e(  4 -  4) =      4.61740  eV     1   --> A              
     e(  5 -  5) =      8.45389  eV     1   --> A              
     e(  6 -  6) =      9.84785  eV     1   --> A              
     e(  7 -  7) =     10.67172  eV     1   --> A              
     e(  8 -  8) =     11.67758  eV     1   --> A              

 **************************************************************************

 **************************************************************************

                    xk=(  -0.08839,   0.44194,   0.08839  )

     Band symmetry, C_1 (1)     point group:

     e(  1 -  1) =     -3.96605  eV     1   --> A              
     e(  2 -  2) =      1.26277  eV     1   --> A              
     e(  3 -  3) =      3.53340  eV     1   --> A              
     e(  4 -  4) =      3.99574  eV     1   --> A              
     e(  5 -  5) =      7.55772  eV     1   --> A              
     e(  6 -  6) =      9.10319  eV     1   --> A              
     e(  7 -  7) =     12.20455  eV     1   --> A              
     e(  8 -  8) =     12.47652  eV     1   --> A              

 **************************************************************************

 **************************************************************************

                    xk=(   0.00000,   0.53033,   0.00000  )

     Band symmetry, C_1 (1)     point group:

     e(  1 -  1) =     -3.36357  eV     1   --> A              
     e(  2 -  2) =      0.45815  eV     1   --> A              
     e(  3 -  4) =      3.59714  eV     2   -->   2 A              
     e(  5 -  5) =      6.82216  eV     1   --> A              
     e(  6 -  6) =      7.74802  eV     1   --> A              
     e(  7 -  8) =     14.24737  eV     2   -->   2 A              

 **************************************************************************

 **************************************************************************

                    xk=(  -0.61872,  -0.08839,   0.61872  )

     Band symmetry, C_1 (1)     point group:

     e(  1 -  1) =     -2.46628  eV     1   --> A              
     e(  2 -  2) =     -0.62699  eV     1   --> A              
     e(  3 -  3) =      2.76811  eV     1   --> A              
     e(  4 -  4) =      3.52093  eV     1   --> A              
     e(  5 -  5) =      7.10201  eV     1   --> A              
     e(  6 -  6) =      8.17523  eV     1   --> A              
     e(  7 -  7) =     14.47328  eV     1   --> A              
     e(  8 -  8) =     14.56055  eV     1   --> A              

 **************************************************************************

 **************************************************************************

                    xk=(  -0.53033,   0.00000,   0.53033  )

     Band symmetry, C_1 (1)     point group:

     e(  1 -  1) =     -2.02743  eV     1   --> A              
     e(  2 -  2) =     -1.02367  eV     1   --> A              
     e(  3 -  3) =      1.90203  eV     1   --> A              
     e(  4 -  4) =      3.77864  eV     1   --> A              
     e(  5 -  5) =      7.41150  eV     1   --> A              
     e(  6 -  6) =     10.33744  eV     1   --> A              
     e(  7 -  7) =     13.67481  eV     1   --> A              
     e(  8 -  8) =     14.22297  eV     1   --> A              

 **************************************************************************

 **************************************************************************

                    xk=(  -0.44194,   0.08839,   0.44194  )

     Band symmetry, C_1 (1)     point group:

     e(  1 -  1) =     -2.83570  eV     1   --> A              
     e(  2 -  2) =     -0.43795  eV     1   --> A              
     e(  3 -  3) =      2.21115  eV     1   --> A              
     e(  4 -  4) =      4.31749  eV     1   --> A              
     e(  5 -  5) =      8.05173  eV     1   --> A              
     e(  6 -  6) =     11.67411  eV     1   --> A              
     e(  7 -  7) =     11.68759  eV     1   --> A              
     e(  8 -  8) =     13.16774  eV     1   --> A              

 **************************************************************************

 **************************************************************************

                    xk=(  -0.35355,   0.17678,   0.35355  )

     Band symmetry, C_1 (1)     point group:

     e(  1 -  1) =     -3.58453  eV     1   --> A              
     e(  2 -  2) =     -0.17441  eV     1   --> A              
     e(  3 -  3) =      3.74257  eV     1   --> A              
     e(  4 -  4) =      4.93858  eV     1   --> A              
     e(  5 -  5) =      8.56643  eV     1   --> A              
     e(  6 -  6) =      9.83137  eV     1   --> A              
     e(  7 -  7) =     10.07558  eV     1   --> A              
     e(  8 -  8) =     14.12448  eV     1   --> A              

 **************************************************************************

 **************************************************************************

                    xk=(  -0.17678,   0.17678,   0.35355  )

     Band symmetry, C_1 (1)     point group:

     e(  1 -  1) =     -4.20144  eV     1   --> A              
     e(  2 -  2) =      0.91860  eV     1   --> A              
     e(  3 -  3) =      4.37026  eV     1   --> A              
     e(  4 -  4) =      4.61740  eV     1   --> A              
     e(  5 -  5) =      8.45389  eV     1   --> A              
     e(  6 -  6) =      9.84785  eV     1   --> A              
     e(  7 -  7) =     10.67172  eV     1   --> A              
     e(  8 -  8) =     11.67758  eV     1   --> A              

 **************************************************************************

 **************************************************************************

                    xk=(  -0.08839,   0.26517,   0.26517  )

     Band symmetry, C_1 (1)     point group:

     e(  1 -  1) =     -4.50773  eV     1   --> A              
     e(  2 -  2) =      1.57801  eV     1   --> A              
     e(  3 -  3) =      3.89346  eV     1   --> A              
     e(  4 -  4) =      5.43057  eV     1   --> A              
     e(  5 -  5) =      8.92453  eV     1   --> A              
     e(  6 -  6) =      9.88300  eV     1   --> A              
     e(  7 -  7) =     10.06461  eV     1   --> A              
     e(  8 -  8) =     12.50653  eV     1   --> A              

 **************************************************************************

 **************************************************************************

                    xk=(  -0.00000,   0.35355,   0.17678  )

     Band symmetry, C_1 (1)     point group:

     e(  1 -  1) =     -4.42857  eV     1   --> A              
     e(  2 -  2) =      1.91414  eV     1   --> A              
     e(  3 -  3) =      3.49108  eV     1   --> A              
     e(  4 -  4) =      4.77667  eV     1   --> A              
     e(  5 -  5) =      8.65428  eV     1   --> A              
     e(  6 -  6) =     10.10786  eV     1   --> A              
     e(  7 -  7) =     10.40416  eV     1   --> A              
     e(  8 -  8) =     11.70909  eV     1   --> A              

 **************************************************************************

 **************************************************************************

                    xk=(   0.08839,   0.44194,   0.08839  )

     Band symmetry, C_1 (1)     point group:

     e(  1 -  1) =     -3.96605  eV     1   --> A              
     e(  2 -  2) =      1.26277  eV     1   --> A              
     e(  3 -  3) =      3.53340  eV     1   --> A              
     e(  4 -  4) =      3.99574  eV     1   --> A              
     e(  5 -  5) =      7.55772  eV     1   --> A              
     e(  6 -  6) =      9.10319  eV     1   --> A              
     e(  7 -  7) =     12.20455  eV     1   --> A              
     e(  8 -  8) =     12.47652  eV     1   --> A              

 **************************************************************************

 **************************************************************************

                    xk=(  -0.53033,  -0.17678,   0.70711  )

     Band symmetry, C_1 (1)     point group:

     e(  1 -  1) =     -3.16497  eV     1   --> A              
     e(  2 -  2) =      0.23916  eV     1   --> A              
     e(  3 -  3) =      2.84175  eV     1   --> A              
     e(  4 -  4) =      3.44478  eV     1   --> A              
     e(  5 -  5) =      8.15436  eV     1   --> A              
     e(  6 -  6) =      8.85497  eV     1   --> A              
     e(  7 -  7) =     11.96151  eV     1   --> A              
     e(  8 -  8) =     14.19687  eV     1   --> A              

 **************************************************************************

 **************************************************************************

                    xk=(  -0.44194,  -0.08839,   0.61872  )

     Band symmetry, C_1 (1)     point group:

     e(  1 -  1) =     -2.29014  eV     1   --> A              
     e(  2 -  2) =     -0.72895  eV     1   --> A              
     e(  3 -  3) =      2.14349  eV     1   --> A              
     e(  4 -  4) =      3.24403  eV     1   --> A              
     e(  5 -  5) =      8.59626  eV     1   --> A              
     e(  6 -  6) =     10.49043  eV     1   --> A              
     e(  7 -  7) =     11.48397  eV     1   --> A              
     e(  8 -  8) =     13.64700  eV     1   --> A              

 **************************************************************************

 **************************************************************************

                    xk=(  -0.35355,   0.00000,   0.53033  )

     Band symmetry, C_1 (1)     point group:

     e(  1 -  1) =     -2.64077  eV     1   --> A              
     e(  2 -  2) =     -0.36570  eV     1   --> A              
     e(  3 -  3) =      1.97660  eV     1   --> A              
     e(  4 -  4) =      3.62013  eV     1   --> A              
     e(  5 -  5) =      9.07615  eV     1   --> A              
     e(  6 -  6) =     10.75278  eV     1   --> A              
     e(  7 -  7) =     11.42312  eV     1   --> A              
     e(  8 -  8) =     13.23862  eV     1   --> A              

 **************************************************************************

 **************************************************************************

                    xk=(  -0.26517,   0.08839,   0.44194  )

     Band symmetry, C_1 (1)     point group:

     e(  1 -  1) =     -3.54030  eV     1   --> A              
     e(  2 -  2) =      0.36186  eV     1   --> A              
     e(  3 -  3) =      2.88301  eV     1   --> A              
     e(  4 -  4) =      4.27490  eV     1   --> A              
     e(  5 -  5) =      9.08470  eV     1   --> A              
     e(  6 -  6) =      9.76174  eV     1   --> A              
     e(  7 -  7) =     11.22748  eV     1   --> A              
     e(  8 -  8) =     12.14457  eV     1   --> A              

 **************************************************************************

 **************************************************************************

                    xk=(  -0.08839,   0.08839,   0.44194  )

     Band symmetry, C_1 (1)     point group:

     e(  1 -  1) =     -3.96605  eV     1   --> A              
     e(  2 -  2) =      1.26277  eV     1   --> A              
     e(  3 -  3) =      3.53340  eV     1   --> A              
     e(  4 -  4) =      3.99574  eV     1   --> A              
     e(  5 -  5) =      7.55772  eV     1   --> A              
     e(  6 -  6) =      9.10319  eV     1   --> A              
     e(  7 -  7) =     12.20455  eV     1   --> A              
     e(  8 -  8) =     12.47652  eV     1   --> A              

 **************************************************************************

 **************************************************************************

                    xk=(  -0.00000,   0.17678,   0.35355  )

     Band symmetry, C_1 (1)     point group:

     e(  1 -  1) =     -4.42857  eV     1   --> A              
     e(  2 -  2) =      1.91414  eV     1   --> A              
     e(  3 -  3) =      3.49108  eV     1   --> A              
     e(  4 -  4) =      4.77667  eV     1   --> A              
     e(  5 -  5) =      8.65428  eV     1   --> A              
     e(  6 -  6) =     10.10786  eV     1   --> A              
     e(  7 -  7) =     10.40416  eV     1   --> A              
     e(  8 -  8) =     11.70909  eV     1   --> A              

 **************************************************************************

 **************************************************************************

                    xk=(   0.08839,   0.26517,   0.26517  )

     Band symmetry, C_1 (1)     point group:

     e(  1 -  1) =     -4.50773  eV     1   --> A              
     e(  2 -  2) =      1.57801  eV     1   --> A              
     e(  3 -  3) =      3.89346  eV     1   --> A              
     e(  4 -  4) =      5.43057  eV     1   --> A              
     e(  5 -  5) =      8.92453  eV     1   --> A              
     e(  6 -  6) =      9.88300  eV     1   --> A              
     e(  7 -  7) =     10.06461  eV     1   --> A              
     e(  8 -  8) =     12.50653  eV     1   --> A              

 **************************************************************************

 **************************************************************************

                    xk=(   0.17678,   0.35355,   0.17678  )

     Band symmetry, C_1 (1)     point group:

     e(  1 -  1) =     -4.20144  eV     1   --> A              
     e(  2 -  2) =      0.91860  eV     1   --> A              
     e(  3 -  3) =      4.37026  eV     1   --> A              
     e(  4 -  4) =      4.61740  eV     1   --> A              
     e(  5 -  5) =      8.45389  eV     1   --> A              
     e(  6 -  6) =      9.84785  eV     1   --> A              
     e(  7 -  7) =     10.67172  eV     1   --> A              
     e(  8 -  8) =     11.67758  eV     1   --> A              

 **************************************************************************

 **************************************************************************

                    xk=(  -0.44194,  -0.26517,   0.79550  )

     Band symmetry, C_1 (1)     point group:

     e(  1 -  1) =     -3.54030  eV     1   --> A              
     e(  2 -  2) =      0.36186  eV     1   --> A              
     e(  3 -  3) =      2.88301  eV     1   --> A              
     e(  4 -  4) =      4.27490  eV     1   --> A              
     e(  5 -  5) =      9.08470  eV     1   --> A              
     e(  6 -  6) =      9.76174  eV     1   --> A              
     e(  7 -  7) =     11.22748  eV     1   --> A              
     e(  8 -  8) =     12.14457  eV     1   --> A              

 **************************************************************************

 **************************************************************************

                    xk=(  -0.35355,  -0.17678,   0.70711  )

     Band symmetry, C_1 (1)     point group:

     e(  1 -  1) =     -2.64077  eV     1   --> A              
     e(  2 -  2) =     -0.36570  eV     1   --> A              
     e(  3 -  3) =      1.97660  eV     1   --> A              
     e(  4 -  4) =      3.62013  eV     1   --> A              
     e(  5 -  5) =      9.07615  eV     1   --> A              
     e(  6 -  6) =     10.75278  eV     1   --> A              
     e(  7 -  7) =     11.42312  eV     1   --> A              
     e(  8 -  8) =     13.23862  eV     1   --> A              

 **************************************************************************

 **************************************************************************

                    xk=(  -0.26517,  -0.08839,   0.61872  )

     Band symmetry, C_1 (1)     point group:

     e(  1 -  1) =     -2.29014  eV     1   --> A              
     e(  2 -  2) =     -0.72895  eV     1   --> A              
     e(  3 -  3) =      2.14349  eV     1   --> A              
     e(  4 -  4) =      3.24403  eV     1   --> A              
     e(  5 -  5) =      8.59626  eV     1   --> A              
     e(  6 -  6) =     10.49043  eV     1   --> A              
     e(  7 -  7) =     11.48397  eV     1   --> A              
     e(  8 -  8) =     13.64700  eV     1   --> A              

 **************************************************************************

 **************************************************************************

                    xk=(  -0.17678,   0.00000,   0.53033  )

     Band symmetry, C_1 (1)     point group:

     e(  1 -  1) =     -3.16497  eV     1   --> A              
     e(  2 -  2) =      0.23916  eV     1   --> A              
     e(  3 -  3) =      2.84175  eV     1   --> A              
     e(  4 -  4) =      3.44478  eV     1   --> A              
     e(  5 -  5) =      8.15436  eV     1   --> A              
     e(  6 -  6) =      8.85497  eV     1   --> A              
     e(  7 -  7) =     11.96151  eV     1   --> A              
     e(  8 -  8) =     14.19687  eV     1   --> A              

 **************************************************************************

 **************************************************************************

                    xk=(   0.00000,   0.00000,   0.53033  )

     Band symmetry, C_1 (1)     point group:

     e(  1 -  1) =     -3.36357  eV     1   --> A              
     e(  2 -  2) =      0.45815  eV     1   --> A              
     e(  3 -  4) =      3.59714  eV     2   -->   2 A              
     e(  5 -  5) =      6.82216  eV     1   --> A              
     e(  6 -  6) =      7.74802  eV     1   --> A              
     e(  7 -  8) =     14.24737  eV     2   -->   2 A              

 **************************************************************************

 **************************************************************************

                    xk=(   0.08839,   0.08839,   0.44194  )

     Band symmetry, C_1 (1)     point group:

     e(  1 -  1) =     -3.96605  eV     1   --> A              
     e(  2 -  2) =      1.26277  eV     1   --> A              
     e(  3 -  3) =      3.53340  eV     1   --> A              
     e(  4 -  4) =      3.99574  eV     1   --> A              
     e(  5 -  5) =      7.55772  eV     1   --> A              
     e(  6 -  6) =      9.10319  eV     1   --> A              
     e(  7 -  7) =     12.20455  eV     1   --> A              
     e(  8 -  8) =     12.47652  eV     1   --> A              

 **************************************************************************

 **************************************************************************

                    xk=(   0.17678,   0.17678,   0.35355  )

     Band symmetry, C_1 (1)     point group:

     e(  1 -  1) =     -4.20144  eV     1   --> A              
     e(  2 -  2) =      0.91860  eV     1   --> A              
     e(  3 -  3) =      4.37026  eV     1   --> A              
     e(  4 -  4) =      4.61740  eV     1   --> A              
     e(  5 -  5) =      8.45389  eV     1   --> A              
     e(  6 -  6) =      9.84785  eV     1   --> A              
     e(  7 -  7) =     10.67172  eV     1   --> A              
     e(  8 -  8) =     11.67758  eV     1   --> A              

 **************************************************************************

 **************************************************************************

                    xk=(   0.26517,   0.26517,   0.26517  )

     Band symmetry, C_1 (1)     point group:

     e(  1 -  1) =     -4.06452  eV     1   --> A              
     e(  2 -  2) =      0.25606  eV     1   --> A              
     e(  3 -  4) =      5.11748  eV     2   -->   2 A              
     e(  5 -  5) =      7.87081  eV     1   --> A              
     e(  6 -  7) =      9.65786  eV     2   -->   2 A              
     e(  8 -  8) =     14.09408  eV     1   --> A              

 **************************************************************************

 **************************************************************************

                    xk=(  -0.35355,  -0.35355,   0.88388  )

     Band symmetry, C_1 (1)     point group:

     e(  1 -  1) =     -3.58453  eV     1   --> A              
     e(  2 -  2) =     -0.17441  eV     1   --> A              
     e(  3 -  3) =      3.74257  eV     1   --> A              
     e(  4 -  4) =      4.93858  eV     1   --> A              
     e(  5 -  5) =      8.56643  eV     1   --> A              
     e(  6 -  6) =      9.83137  eV     1   --> A              
     e(  7 -  7) =     10.07558  eV     1   --> A              
     e(  8 -  8) =     14.12448  eV     1   --> A              

 **************************************************************************

 **************************************************************************

                    xk=(  -0.26517,  -0.26517,   0.79550  )

     Band symmetry, C_1 (1)     point group:

     e(  1 -  1) =     -2.83570  eV     1   --> A              
     e(  2 -  2) =     -0.43795  eV     1   --> A              
     e(  3 -  3) =      2.21115  eV     1   --> A              
     e(  4 -  4) =      4.31749  eV     1   --> A              
     e(  5 -  5) =      8.05173  eV     1   --> A              
     e(  6 -  6) =     11.67411  eV     1   --> A              
     e(  7 -  7) =     11.68759  eV     1   --> A              
     e(  8 -  8) =     13.16774  eV     1   --> A              

 **************************************************************************

 **************************************************************************

                    xk=(  -0.17678,  -0.17678,   0.70711  )

     Band symmetry, C_1 (1)     point group:

     e(  1 -  1) =     -2.02743  eV     1   --> A              
     e(  2 -  2) =     -1.02367  eV     1   --> A              
     e(  3 -  3) =      1.90203  eV     1   --> A              
     e(  4 -  4) =      3.77864  eV     1   --> A              
     e(  5 -  5) =      7.41150  eV     1   --> A              
     e(  6 -  6) =     10.33744  eV     1   --> A              
     e(  7 -  7) =     13.67481  eV     1   --> A              
     e(  8 -  8) =     14.22297  eV     1   --> A              

 **************************************************************************

 **************************************************************************

                    xk=(  -0.08839,  -0.08839,   0.61872  )

     Band symmetry, C_1 (1)     point group:

     e(  1 -  1) =     -2.46628  eV     1   --> A              
     e(  2 -  2) =     -0.62699  eV     1   --> A              
     e(  3 -  3) =      2.76811  eV     1   --> A              
     e(  4 -  4) =      3.52093  eV     1   --> A              
     e(  5 -  5) =      7.10201  eV     1   --> A              
     e(  6 -  6) =      8.17523  eV     1   --> A              
     e(  7 -  7) =     14.47328  eV     1   --> A              
     e(  8 -  8) =     14.56055  eV     1   --> A              

 **************************************************************************

 **************************************************************************

                    xk=(  -0.61872,   0.61872,  -0.08839  )

     Band symmetry, C_1 (1)     point group:

     e(  1 -  1) =     -2.46628  eV     1   --> A              
     e(  2 -  2) =     -0.62699  eV     1   --> A              
     e(  3 -  3) =      2.76811  eV     1   --> A              
     e(  4 -  4) =      3.52093  eV     1   --> A              
     e(  5 -  5) =      7.10201  eV     1   --> A              
     e(  6 -  6) =      8.17523  eV     1   --> A              
     e(  7 -  7) =     14.47328  eV     1   --> A              
     e(  8 -  8) =     14.56055  eV     1   --> A              

 **************************************************************************

 **************************************************************************

                    xk=(  -0.53033,   0.70711,  -0.17678  )

     Band symmetry, C_1 (1)     point group:

     e(  1 -  1) =     -3.16497  eV     1   --> A              
     e(  2 -  2) =      0.23916  eV     1   --> A              
     e(  3 -  3) =      2.84175  eV     1   --> A              
     e(  4 -  4) =      3.44478  eV     1   --> A              
     e(  5 -  5) =      8.15436  eV     1   --> A              
     e(  6 -  6) =      8.85497  eV     1   --> A              
     e(  7 -  7) =     11.96151  eV     1   --> A              
     e(  8 -  8) =     14.19687  eV     1   --> A              

 **************************************************************************

 **************************************************************************

                    xk=(  -0.44194,   0.79550,  -0.26517  )

     Band symmetry, C_1 (1)     point group:

     e(  1 -  1) =     -3.54030  eV     1   --> A              
     e(  2 -  2) =      0.36186  eV     1   --> A              
     e(  3 -  3) =      2.88301  eV     1   --> A              
     e(  4 -  4) =      4.27490  eV     1   --> A              
     e(  5 -  5) =      9.08470  eV     1   --> A              
     e(  6 -  6) =      9.76174  eV     1   --> A              
     e(  7 -  7) =     11.22748  eV     1   --> A              
     e(  8 -  8) =     12.14457  eV     1   --> A              

 **************************************************************************

 **************************************************************************

                    xk=(  -0.35355,   0.88388,  -0.35355  )

     Band symmetry, C_1 (1)     point group:

     e(  1 -  1) =     -3.58453  eV     1   --> A              
     e(  2 -  2) =     -0.17441  eV     1   --> A              
     e(  3 -  3) =      3.74257  eV     1   --> A              
     e(  4 -  4) =      4.93858  eV     1   --> A              
     e(  5 -  5) =      8.56643  eV     1   --> A              
     e(  6 -  6) =      9.83137  eV     1   --> A              
     e(  7 -  7) =     10.07558  eV     1   --> A              
     e(  8 -  8) =     14.12448  eV     1   --> A              

 **************************************************************************

 **************************************************************************

                    xk=(  -0.97227,   0.26517,   0.26517  )

     Band symmetry, C_1 (1)     point group:

     e(  1 -  1) =     -3.33997  eV     1   --> A              
     e(  2 -  2) =     -0.54515  eV     1   --> A              
     e(  3 -  3) =      3.92438  eV     1   --> A              
     e(  4 -  4) =      4.64189  eV     1   --> A              
     e(  5 -  5) =      8.40037  eV     1   --> A              
     e(  6 -  6) =      9.72217  eV     1   --> A              
     e(  7 -  7) =     10.30808  eV     1   --> A              
     e(  8 -  8) =     13.57922  eV     1   --> A              

 **************************************************************************

 **************************************************************************

                    xk=(  -0.88388,   0.35355,   0.17678  )

     Band symmetry, C_1 (1)     point group:

     e(  1 -  1) =     -2.88788  eV     1   --> A              
     e(  2 -  2) =     -0.58340  eV     1   --> A              
     e(  3 -  3) =      2.75415  eV     1   --> A              
     e(  4 -  4) =      4.04509  eV     1   --> A              
     e(  5 -  5) =      9.27367  eV     1   --> A              
     e(  6 -  6) =      9.34087  eV     1   --> A              
     e(  7 -  7) =     12.11908  eV     1   --> A              
     e(  8 -  8) =     13.32857  eV     1   --> A              

 **************************************************************************

 **************************************************************************

                    xk=(  -0.79550,   0.44194,   0.08839  )

     Band symmetry, C_1 (1)     point group:

     e(  1 -  1) =     -2.29014  eV     1   --> A              
     e(  2 -  2) =     -0.72895  eV     1   --> A              
     e(  3 -  3) =      2.14349  eV     1   --> A              
     e(  4 -  4) =      3.24403  eV     1   --> A              
     e(  5 -  5) =      8.59626  eV     1   --> A              
     e(  6 -  6) =     10.49043  eV     1   --> A              
     e(  7 -  7) =     11.48397  eV     1   --> A              
     e(  8 -  8) =     13.64700  eV     1   --> A              

 **************************************************************************

 **************************************************************************

                    xk=(  -0.70711,   0.53033,   0.00000  )

     Band symmetry, C_1 (1)     point group:

     e(  1 -  2) =     -1.53570  eV     2   -->   2 A              
     e(  3 -  4) =      2.78721  eV     2   -->   2 A              
     e(  5 -  6) =      8.17837  eV     2   -->   2 A              
     e(  7 -  8) =     14.05399  eV     2   -->   2 A              

 **************************************************************************

 **************************************************************************

                    xk=(  -0.53033,   0.53033,   0.00000  )

     Band symmetry, C_1 (1)     point group:

     e(  1 -  1) =     -2.02743  eV     1   --> A              
     e(  2 -  2) =     -1.02367  eV     1   --> A              
     e(  3 -  3) =      1.90203  eV     1   --> A              
     e(  4 -  4) =      3.77864  eV     1   --> A              
     e(  5 -  5) =      7.41150  eV     1   --> A              
     e(  6 -  6) =     10.33744  eV     1   --> A              
     e(  7 -  7) =     13.67481  eV     1   --> A              
     e(  8 -  8) =     14.22297  eV     1   --> A              

 **************************************************************************

 **************************************************************************

                    xk=(  -0.44194,   0.61872,  -0.08839  )

     Band symmetry, C_1 (1)     point group:

     e(  1 -  1) =     -2.29014  eV     1   --> A              
     e(  2 -  2) =     -0.72895  eV     1   --> A              
     e(  3 -  3) =      2.14349  eV     1   --> A              
     e(  4 -  4) =      3.24403  eV     1   --> A              
     e(  5 -  5) =      8.59626  eV     1   --> A              
     e(  6 -  6) =     10.49043  eV     1   --> A              
     e(  7 -  7) =     11.48397  eV     1   --> A              
     e(  8 -  8) =     13.64700  eV     1   --> A              

 **************************************************************************

 **************************************************************************

                    xk=(  -0.35355,   0.70711,  -0.17678  )

     Band symmetry, C_1 (1)     point group:

     e(  1 -  1) =     -2.64077  eV     1   --> A              
     e(  2 -  2) =     -0.36570  eV     1   --> A              
     e(  3 -  3) =      1.97660  eV     1   --> A              
     e(  4 -  4) =      3.62013  eV     1   --> A              
     e(  5 -  5) =      9.07615  eV     1   --> A              
     e(  6 -  6) =     10.75278  eV     1   --> A              
     e(  7 -  7) =     11.42312  eV     1   --> A              
     e(  8 -  8) =     13.23862  eV     1   --> A              

 **************************************************************************

 **************************************************************************

                    xk=(  -0.26517,   0.79550,  -0.26517  )

     Band symmetry, C_1 (1)     point group:

     e(  1 -  1) =     -2.83570  eV     1   --> A              
     e(  2 -  2) =     -0.43795  eV     1   --> A              
     e(  3 -  3) =      2.21115  eV     1   --> A              
     e(  4 -  4) =      4.31749  eV     1   --> A              
     e(  5 -  5) =      8.05173  eV     1   --> A              
     e(  6 -  6) =     11.67411  eV     1   --> A              
     e(  7 -  7) =     11.68759  eV     1   --> A              
     e(  8 -  8) =     13.16774  eV     1   --> A              

 **************************************************************************

 **************************************************************************

                    xk=(  -0.88388,   0.17678,   0.35355  )

     Band symmetry, C_1 (1)     point group:

     e(  1 -  1) =     -2.88788  eV     1   --> A              
     e(  2 -  2) =     -0.58340  eV     1   --> A              
     e(  3 -  3) =      2.75415  eV     1   --> A              
     e(  4 -  4) =      4.04509  eV     1   --> A              
     e(  5 -  5) =      9.27367  eV     1   --> A              
     e(  6 -  6) =      9.34087  eV     1   --> A              
     e(  7 -  7) =     12.11908  eV     1   --> A              
     e(  8 -  8) =     13.32857  eV     1   --> A              

 **************************************************************************

 **************************************************************************

                    xk=(  -0.79550,   0.26517,   0.26517  )

     Band symmetry, C_1 (1)     point group:

     e(  1 -  1) =     -2.83570  eV     1   --> A              
     e(  2 -  2) =     -0.43795  eV     1   --> A              
     e(  3 -  3) =      2.21115  eV     1   --> A              
     e(  4 -  4) =      4.31749  eV     1   --> A              
     e(  5 -  5) =      8.05173  eV     1   --> A              
     e(  6 -  6) =     11.67411  eV     1   --> A              
     e(  7 -  7) =     11.68759  eV     1   --> A              
     e(  8 -  8) =     13.16774  eV     1   --> A              

 **************************************************************************

 **************************************************************************

                    xk=(  -0.70711,   0.35355,   0.17678  )

     Band symmetry, C_1 (1)     point group:

     e(  1 -  1) =     -2.64077  eV     1   --> A              
     e(  2 -  2) =     -0.36570  eV     1   --> A              
     e(  3 -  3) =      1.97660  eV     1   --> A              
     e(  4 -  4) =      3.62013  eV     1   --> A              
     e(  5 -  5) =      9.07615  eV     1   --> A              
     e(  6 -  6) =     10.75278  eV     1   --> A              
     e(  7 -  7) =     11.42312  eV     1   --> A              
     e(  8 -  8) =     13.23862  eV     1   --> A              

 **************************************************************************

 **************************************************************************

                    xk=(  -0.61872,   0.44194,   0.08839  )

     Band symmetry, C_1 (1)     point group:

     e(  1 -  1) =     -2.29014  eV     1   --> A              
     e(  2 -  2) =     -0.72895  eV     1   --> A              
     e(  3 -  3) =      2.14349  eV     1   --> A              
     e(  4 -  4) =      3.24403  eV     1   --> A              
     e(  5 -  5) =      8.59626  eV     1   --> A              
     e(  6 -  6) =     10.49043  eV     1   --> A              
     e(  7 -  7) =     11.48397  eV     1   --> A              
     e(  8 -  8) =     13.64700  eV     1   --> A              

 **************************************************************************

 **************************************************************************

                    xk=(  -0.44194,   0.44194,   0.08839  )

     Band symmetry, C_1 (1)     point group:

     e(  1 -  1) =     -2.83570  eV     1   --> A              
     e(  2 -  2) =     -0.43795  eV     1   --> A              
     e(  3 -  3) =      2.21115  eV     1   --> A              
     e(  4 -  4) =      4.31749  eV     1   --> A              
     e(  5 -  5) =      8.05173  eV     1   --> A              
     e(  6 -  6) =     11.67411  eV     1   --> A              
     e(  7 -  7) =     11.68759  eV     1   --> A              
     e(  8 -  8) =     13.16774  eV     1   --> A              

 **************************************************************************

 **************************************************************************

                    xk=(  -0.35355,   0.53033,   0.00000  )

     Band symmetry, C_1 (1)     point group:

     e(  1 -  1) =     -2.64077  eV     1   --> A              
     e(  2 -  2) =     -0.36570  eV     1   --> A              
     e(  3 -  3) =      1.97660  eV     1   --> A              
     e(  4 -  4) =      3.62013  eV     1   --> A              
     e(  5 -  5) =      9.07615  eV     1   --> A              
     e(  6 -  6) =     10.75278  eV     1   --> A              
     e(  7 -  7) =     11.42312  eV     1   --> A              
     e(  8 -  8) =     13.23862  eV     1   --> A              

 **************************************************************************

 **************************************************************************

                    xk=(  -0.26517,   0.61872,  -0.08839  )

     Band symmetry, C_1 (1)     point group:

     e(  1 -  1) =     -2.29014  eV     1   --> A              
     e(  2 -  2) =     -0.72895  eV     1   --> A              
     e(  3 -  3) =      2.14349  eV     1   --> A              
     e(  4 -  4) =      3.24403  eV     1   --> A              
     e(  5 -  5) =      8.59626  eV     1   --> A              
     e(  6 -  6) =     10.49043  eV     1   --> A              
     e(  7 -  7) =     11.48397  eV     1   --> A              
     e(  8 -  8) =     13.64700  eV     1   --> A              

 **************************************************************************

 **************************************************************************

                    xk=(  -0.17678,   0.70711,  -0.17678  )

     Band symmetry, C_1 (1)     point group:

     e(  1 -  1) =     -2.02743  eV     1   --> A              
     e(  2 -  2) =     -1.02367  eV     1   --> A              
     e(  3 -  3) =      1.90203  eV     1   --> A              
     e(  4 -  4) =      3.77864  eV     1   --> A              
     e(  5 -  5) =      7.41150  eV     1   --> A              
     e(  6 -  6) =     10.33744  eV     1   --> A              
     e(  7 -  7) =     13.67481  eV     1   --> A              
     e(  8 -  8) =     14.22297  eV     1   --> A              

 **************************************************************************

 **************************************************************************

                    xk=(  -0.79550,   0.08839,   0.44194  )

     Band symmetry, C_1 (1)     point group:

     e(  1 -  1) =     -2.29014  eV     1   --> A              
     e(  2 -  2) =     -0.72895  eV     1   --> A              
     e(  3 -  3) =      2.14349  eV     1   --> A              
     e(  4 -  4) =      3.24403  eV     1   --> A              
     e(  5 -  5) =      8.59626  eV     1   --> A              
     e(  6 -  6) =     10.49043  eV     1   --> A              
     e(  7 -  7) =     11.48397  eV     1   --> A              
     e(  8 -  8) =     13.64700  eV     1   --> A              

 **************************************************************************

 **************************************************************************

                    xk=(  -0.70711,   0.17678,   0.35355  )

     Band symmetry, C_1 (1)     point group:

     e(  1 -  1) =     -2.64077  eV     1   --> A              
     e(  2 -  2) =     -0.36570  eV     1   --> A              
     e(  3 -  3) =      1.97660  eV     1   --> A              
     e(  4 -  4) =      3.62013  eV     1   --> A              
     e(  5 -  5) =      9.07615  eV     1   --> A              
     e(  6 -  6) =     10.75278  eV     1   --> A              
     e(  7 -  7) =     11.42312  eV     1   --> A              
     e(  8 -  8) =     13.23862  eV     1   --> A              

 **************************************************************************

 **************************************************************************

                    xk=(  -0.61872,   0.26517,   0.26517  )

     Band symmetry, C_1 (1)     point group:

     e(  1 -  1) =     -2.83570  eV     1   --> A              
     e(  2 -  2) =     -0.43795  eV     1   --> A              
     e(  3 -  3) =      2.21115  eV     1   --> A              
     e(  4 -  4) =      4.31749  eV     1   --> A              
     e(  5 -  5) =      8.05173  eV     1   --> A              
     e(  6 -  6) =     11.67411  eV     1   --> A              
     e(  7 -  7) =     11.68759  eV     1   --> A              
     e(  8 -  8) =     13.16774  eV     1   --> A              

 **************************************************************************

 **************************************************************************

                    xk=(  -0.53033,   0.35355,   0.17678  )

     Band symmetry, C_1 (1)     point group:

     e(  1 -  1) =     -2.88788  eV     1   --> A              
     e(  2 -  2) =     -0.58340  eV     1   --> A              
     e(  3 -  3) =      2.75415  eV     1   --> A              
     e(  4 -  4) =      4.04509  eV     1   --> A              
     e(  5 -  5) =      9.27367  eV     1   --> A              
     e(  6 -  6) =      9.34087  eV     1   --> A              
     e(  7 -  7) =     12.11908  eV     1   --> A              
     e(  8 -  8) =     13.32857  eV     1   --> A              

 **************************************************************************

 **************************************************************************

                    xk=(  -0.35355,   0.35355,   0.17678  )

     Band symmetry, C_1 (1)     point group:

     e(  1 -  1) =     -3.58453  eV     1   --> A              
     e(  2 -  2) =     -0.17441  eV     1   --> A              
     e(  3 -  3) =      3.74257  eV     1   --> A              
     e(  4 -  4) =      4.93858  eV     1   --> A              
     e(  5 -  5) =      8.56643  eV     1   --> A              
     e(  6 -  6) =      9.83137  eV     1   --> A              
     e(  7 -  7) =     10.07558  eV     1   --> A              
     e(  8 -  8) =     14.12448  eV     1   --> A              

 **************************************************************************

 **************************************************************************

                    xk=(  -0.26517,   0.44194,   0.08839  )

     Band symmetry, C_1 (1)     point group:

     e(  1 -  1) =     -3.54030  eV     1   --> A              
     e(  2 -  2) =      0.36186  eV     1   --> A              
     e(  3 -  3) =      2.88301  eV     1   --> A              
     e(  4 -  4) =      4.27490  eV     1   --> A              
     e(  5 -  5) =      9.08470  eV     1   --> A              
     e(  6 -  6) =      9.76174  eV     1   --> A              
     e(  7 -  7) =     11.22748  eV     1   --> A              
     e(  8 -  8) =     12.14457  eV     1   --> A              

 **************************************************************************

 **************************************************************************

                    xk=(  -0.17678,   0.53033,   0.00000  )

     Band symmetry, C_1 (1)     point group:

     e(  1 -  1) =     -3.16497  eV     1   --> A              
     e(  2 -  2) =      0.23916  eV     1   --> A              
     e(  3 -  3) =      2.84175  eV     1   --> A              
     e(  4 -  4) =      3.44478  eV     1   --> A              
     e(  5 -  5) =      8.15436  eV     1   --> A              
     e(  6 -  6) =      8.85497  eV     1   --> A              
     e(  7 -  7) =     11.96151  eV     1   --> A              
     e(  8 -  8) =     14.19687  eV     1   --> A              

 **************************************************************************

 **************************************************************************

                    xk=(  -0.08839,   0.61872,  -0.08839  )

     Band symmetry, C_1 (1)     point group:

     e(  1 -  1) =     -2.46628  eV     1   --> A              
     e(  2 -  2) =     -0.62699  eV     1   --> A              
     e(  3 -  3) =      2.76811  eV     1   --> A              
     e(  4 -  4) =      3.52093  eV     1   --> A              
     e(  5 -  5) =      7.10201  eV     1   --> A              
     e(  6 -  6) =      8.17523  eV     1   --> A              
     e(  7 -  7) =     14.47328  eV     1   --> A              
     e(  8 -  8) =     14.56055  eV     1   --> A              

 **************************************************************************

 **************************************************************************

                    xk=(  -0.70711,   0.00000,   0.53033  )

     Band symmetry, C_1 (1)     point group:

     e(  1 -  2) =     -1.53570  eV     2   -->   2 A              
     e(  3 -  4) =      2.78721  eV     2   -->   2 A              
     e(  5 -  6) =      8.17837  eV     2   -->   2 A              
     e(  7 -  8) =     14.05399  eV     2   -->   2 A              

 **************************************************************************

 **************************************************************************

                    xk=(  -0.61872,   0.08839,   0.44194  )

     Band symmetry, C_1 (1)     point group:

     e(  1 -  1) =     -2.29014  eV     1   --> A              
     e(  2 -  2) =     -0.72895  eV     1   --> A              
     e(  3 -  3) =      2.14349  eV     1   --> A              
     e(  4 -  4) =      3.24403  eV     1   --> A              
     e(  5 -  5) =      8.59626  eV     1   --> A              
     e(  6 -  6) =     10.49043  eV     1   --> A              
     e(  7 -  7) =     11.48397  eV     1   --> A              
     e(  8 -  8) =     13.64700  eV     1   --> A              

 **************************************************************************

 **************************************************************************

                    xk=(  -0.53033,   0.17678,   0.35355  )

     Band symmetry, C_1 (1)     point group:

     e(  1 -  1) =     -2.88788  eV     1   --> A              
     e(  2 -  2) =     -0.58340  eV     1   --> A              
     e(  3 -  3) =      2.75415  eV     1   --> A              
     e(  4 -  4) =      4.04509  eV     1   --> A              
     e(  5 -  5) =      9.27367  eV     1   --> A              
     e(  6 -  6) =      9.34087  eV     1   --> A              
     e(  7 -  7) =     12.11908  eV     1   --> A              
     e(  8 -  8) =     13.32857  eV     1   --> A              

 **************************************************************************

 **************************************************************************

                    xk=(  -0.44194,   0.26517,   0.26517  )

     Band symmetry, C_1 (1)     point group:

     e(  1 -  1) =     -3.33997  eV     1   --> A              
     e(  2 -  2) =     -0.54515  eV     1   --> A              
     e(  3 -  3) =      3.92438  eV     1   --> A              
     e(  4 -  4) =      4.64189  eV     1   --> A              
     e(  5 -  5) =      8.40037  eV     1   --> A              
     e(  6 -  6) =      9.72217  eV     1   --> A              
     e(  7 -  7) =     10.30808  eV     1   --> A              
     e(  8 -  8) =     13.57922  eV     1   --> A              

 **************************************************************************

 **************************************************************************

                    xk=(   0.35355,  -0.35355,  -0.35355  )

     Band symmetry, C_1 (1)     point group:

     e(  1 -  1) =     -3.42658  eV     1   --> A              
     e(  2 -  2) =     -0.76662  eV     1   --> A              
     e(  3 -  4) =      5.00552  eV     2   -->   2 A              
     e(  5 -  5) =      7.74292  eV     1   --> A              
     e(  6 -  7) =      9.54701  eV     2   -->   2 A              
     e(  8 -  8) =     13.94062  eV     1   --> A              

 **************************************************************************

 **************************************************************************

                    xk=(   0.44194,  -0.26517,  -0.44194  )

     Band symmetry, C_1 (1)     point group:

     e(  1 -  1) =     -3.33997  eV     1   --> A              
     e(  2 -  2) =     -0.54515  eV     1   --> A              
     e(  3 -  3) =      3.92438  eV     1   --> A              
     e(  4 -  4) =      4.64189  eV     1   --> A              
     e(  5 -  5) =      8.40037  eV     1   --> A              
     e(  6 -  6) =      9.72217  eV     1   --> A              
     e(  7 -  7) =     10.30808  eV     1   --> A              
     e(  8 -  8) =     13.57922  eV     1   --> A              

 **************************************************************************

 **************************************************************************

                    xk=(   0.53033,  -0.17678,  -0.53033  )

     Band symmetry, C_1 (1)     point group:

     e(  1 -  1) =     -3.04001  eV     1   --> A              
     e(  2 -  2) =     -0.17948  eV     1   --> A              
     e(  3 -  3) =      2.66980  eV     1   --> A              
     e(  4 -  4) =      3.99887  eV     1   --> A              
     e(  5 -  5) =      7.72738  eV     1   --> A              
     e(  6 -  6) =     10.65753  eV     1   --> A              
     e(  7 -  7) =     11.95152  eV     1   --> A              
     e(  8 -  8) =     12.12739  eV     1   --> A              

 **************************************************************************

 **************************************************************************

                    xk=(   0.61872,  -0.08839,  -0.61872  )

     Band symmetry, C_1 (1)     point group:

     e(  1 -  1) =     -2.46628  eV     1   --> A              
     e(  2 -  2) =     -0.62699  eV     1   --> A              
     e(  3 -  3) =      2.76811  eV     1   --> A              
     e(  4 -  4) =      3.52093  eV     1   --> A              
     e(  5 -  5) =      7.10201  eV     1   --> A              
     e(  6 -  6) =      8.17523  eV     1   --> A              
     e(  7 -  7) =     14.47328  eV     1   --> A              
     e(  8 -  8) =     14.56055  eV     1   --> A              

 **************************************************************************

 **************************************************************************

                    xk=(   0.00000,  -0.70711,   0.00000  )

     Band symmetry, C_1 (1)     point group:

     e(  1 -  2) =     -1.61371  eV     2   -->   2 A              
     e(  3 -  4) =      3.35136  eV     2   -->   2 A              
     e(  5 -  6) =      6.91737  eV     2   -->   2 A              
     e(  7 -  8) =     16.30942  eV     2   -->   2 A              

 **************************************************************************

 **************************************************************************

                    xk=(   0.44194,  -0.44194,  -0.26517  )

     Band symmetry, C_1 (1)     point group:

     e(  1 -  1) =     -3.33997  eV     1   --> A              
     e(  2 -  2) =     -0.54515  eV     1   --> A              
     e(  3 -  3) =      3.92438  eV     1   --> A              
     e(  4 -  4) =      4.64189  eV     1   --> A              
     e(  5 -  5) =      8.40037  eV     1   --> A              
     e(  6 -  6) =      9.72217  eV     1   --> A              
     e(  7 -  7) =     10.30808  eV     1   --> A              
     e(  8 -  8) =     13.57922  eV     1   --> A              

 **************************************************************************

 **************************************************************************

                    xk=(   0.53033,  -0.35355,  -0.35355  )

     Band symmetry, C_1 (1)     point group:

     e(  1 -  1) =     -3.58453  eV     1   --> A              
     e(  2 -  2) =     -0.17441  eV     1   --> A              
     e(  3 -  3) =      3.74257  eV     1   --> A              
     e(  4 -  4) =      4.93858  eV     1   --> A              
     e(  5 -  5) =      8.56643  eV     1   --> A              
     e(  6 -  6) =      9.83137  eV     1   --> A              
     e(  7 -  7) =     10.07558  eV     1   --> A              
     e(  8 -  8) =     14.12448  eV     1   --> A              

 **************************************************************************

 **************************************************************************

                    xk=(   0.61872,  -0.26517,  -0.44194  )

     Band symmetry, C_1 (1)     point group:

     e(  1 -  1) =     -3.54030  eV     1   --> A              
     e(  2 -  2) =      0.36186  eV     1   --> A              
     e(  3 -  3) =      2.88301  eV     1   --> A              
     e(  4 -  4) =      4.27490  eV     1   --> A              
     e(  5 -  5) =      9.08470  eV     1   --> A              
     e(  6 -  6) =      9.76174  eV     1   --> A              
     e(  7 -  7) =     11.22748  eV     1   --> A              
     e(  8 -  8) =     12.14457  eV     1   --> A              

 **************************************************************************

 **************************************************************************

                    xk=(   0.70711,  -0.17678,  -0.53033  )

     Band symmetry, C_1 (1)     point group:

     e(  1 -  1) =     -3.16497  eV     1   --> A              
     e(  2 -  2) =      0.23916  eV     1   --> A              
     e(  3 -  3) =      2.84175  eV     1   --> A              
     e(  4 -  4) =      3.44478  eV     1   --> A              
     e(  5 -  5) =      8.15436  eV     1   --> A              
     e(  6 -  6) =      8.85497  eV     1   --> A              
     e(  7 -  7) =     11.96151  eV     1   --> A              
     e(  8 -  8) =     14.19687  eV     1   --> A              

 **************************************************************************

 **************************************************************************

                    xk=(   0.08839,  -0.79550,   0.08839  )

     Band symmetry, C_1 (1)     point group:

     e(  1 -  1) =     -2.46628  eV     1   --> A              
     e(  2 -  2) =     -0.62699  eV     1   --> A              
     e(  3 -  3) =      2.76811  eV     1   --> A              
     e(  4 -  4) =      3.52093  eV     1   --> A              
     e(  5 -  5) =      7.10201  eV     1   --> A              
     e(  6 -  6) =      8.17523  eV     1   --> A              
     e(  7 -  7) =     14.47328  eV     1   --> A              
     e(  8 -  8) =     14.56055  eV     1   --> A              

 **************************************************************************

 **************************************************************************

                    xk=(   0.17678,  -0.70711,   0.00000  )

     Band symmetry, C_1 (1)     point group:

     e(  1 -  2) =     -1.53570  eV     2   -->   2 A              
     e(  3 -  4) =      2.78721  eV     2   -->   2 A              
     e(  5 -  6) =      8.17837  eV     2   -->   2 A              
     e(  7 -  8) =     14.05399  eV     2   -->   2 A              

 **************************************************************************

 **************************************************************************

                    xk=(   0.26517,  -0.61872,  -0.08839  )

     Band symmetry, C_1 (1)     point group:

     e(  1 -  1) =     -2.29014  eV     1   --> A              
     e(  2 -  2) =     -0.72895  eV     1   --> A              
     e(  3 -  3) =      2.14349  eV     1   --> A              
     e(  4 -  4) =      3.24403  eV     1   --> A              
     e(  5 -  5) =      8.59626  eV     1   --> A              
     e(  6 -  6) =     10.49043  eV     1   --> A              
     e(  7 -  7) =     11.48397  eV     1   --> A              
     e(  8 -  8) =     13.64700  eV     1   --> A              

 **************************************************************************

 **************************************************************************

                    xk=(   0.35355,  -0.53033,  -0.17678  )

     Band symmetry, C_1 (1)     point group:

     e(  1 -  1) =     -2.88788  eV     1   --> A              
     e(  2 -  2) =     -0.58340  eV     1   --> A              
     e(  3 -  3) =      2.75415  eV     1   --> A              
     e(  4 -  4) =      4.04509  eV     1   --> A              
     e(  5 -  5) =      9.27367  eV     1   --> A              
     e(  6 -  6) =      9.34087  eV     1   --> A              
     e(  7 -  7) =     12.11908  eV     1   --> A              
     e(  8 -  8) =     13.32857  eV     1   --> A              

 **************************************************************************

 **************************************************************************

                    xk=(   0.53033,  -0.53033,  -0.17678  )

     Band symmetry, C_1 (1)     point group:

     e(  1 -  1) =     -3.04001  eV     1   --> A              
     e(  2 -  2) =     -0.17948  eV     1   --> A              
     e(  3 -  3) =      2.66980  eV     1   --> A              
     e(  4 -  4) =      3.99887  eV     1   --> A              
     e(  5 -  5) =      7.72738  eV     1   --> A              
     e(  6 -  6) =     10.65753  eV     1   --> A              
     e(  7 -  7) =     11.95152  eV     1   --> A              
     e(  8 -  8) =     12.12739  eV     1   --> A              

 **************************************************************************

 **************************************************************************

                    xk=(   0.61872,  -0.44194,  -0.26517  )

     Band symmetry, C_1 (1)     point group:

     e(  1 -  1) =     -3.54030  eV     1   --> A              
     e(  2 -  2) =      0.36186  eV     1   --> A              
     e(  3 -  3) =      2.88301  eV     1   --> A              
     e(  4 -  4) =      4.27490  eV     1   --> A              
     e(  5 -  5) =      9.08470  eV     1   --> A              
     e(  6 -  6) =      9.76174  eV     1   --> A              
     e(  7 -  7) =     11.22748  eV     1   --> A              
     e(  8 -  8) =     12.14457  eV     1   --> A              

 **************************************************************************

 **************************************************************************

                    xk=(   0.70711,  -0.35355,  -0.35355  )

     Band symmetry, C_1 (1)     point group:

     e(  1 -  1) =     -3.71424  eV     1   --> A              
     e(  2 -  2) =      0.72309  eV     1   --> A              
     e(  3 -  3) =      2.45132  eV     1   --> A              
     e(  4 -  4) =      4.87638  eV     1   --> A              
     e(  5 -  5) =      8.65666  eV     1   --> A              
     e(  6 -  6) =     10.99528  eV     1   --> A              
     e(  7 -  7) =     11.34280  eV     1   --> A              
     e(  8 -  8) =     12.35292  eV     1   --> A              

 **************************************************************************

 **************************************************************************

                    xk=(   0.79550,  -0.26517,  -0.44194  )

     Band symmetry, C_1 (1)     point group:

     e(  1 -  1) =     -3.54030  eV     1   --> A              
     e(  2 -  2) =      0.36186  eV     1   --> A              
     e(  3 -  3) =      2.88301  eV     1   --> A              
     e(  4 -  4) =      4.27490  eV     1   --> A              
     e(  5 -  5) =      9.08470  eV     1   --> A              
     e(  6 -  6) =      9.76174  eV     1   --> A              
     e(  7 -  7) =     11.22748  eV     1   --> A              
     e(  8 -  8) =     12.14457  eV     1   --> A              

 **************************************************************************

 **************************************************************************

                    xk=(   0.17678,  -0.88388,   0.17678  )

     Band symmetry, C_1 (1)     point group:

     e(  1 -  1) =     -3.04001  eV     1   --> A              
     e(  2 -  2) =     -0.17948  eV     1   --> A              
     e(  3 -  3) =      2.66980  eV     1   --> A              
     e(  4 -  4) =      3.99887  eV     1   --> A              
     e(  5 -  5) =      7.72738  eV     1   --> A              
     e(  6 -  6) =     10.65753  eV     1   --> A              
     e(  7 -  7) =     11.95152  eV     1   --> A              
     e(  8 -  8) =     12.12739  eV     1   --> A              

 **************************************************************************

 **************************************************************************

                    xk=(   0.26517,  -0.79550,   0.08839  )

     Band symmetry, C_1 (1)     point group:

     e(  1 -  1) =     -2.29014  eV     1   --> A              
     e(  2 -  2) =     -0.72895  eV     1   --> A              
     e(  3 -  3) =      2.14349  eV     1   --> A              
     e(  4 -  4) =      3.24403  eV     1   --> A              
     e(  5 -  5) =      8.59626  eV     1   --> A              
     e(  6 -  6) =     10.49043  eV     1   --> A              
     e(  7 -  7) =     11.48397  eV     1   --> A              
     e(  8 -  8) =     13.64700  eV     1   --> A              

 **************************************************************************

 **************************************************************************

                    xk=(   0.35355,  -0.70711,   0.00000  )

     Band symmetry, C_1 (1)     point group:

     e(  1 -  2) =     -1.44977  eV     2   -->   2 A              
     e(  3 -  4) =      2.35128  eV     2   -->   2 A              
     e(  5 -  6) =     10.47953  eV     2   -->   2 A              
     e(  7 -  8) =     11.20925  eV     2   -->   2 A              

 **************************************************************************

 **************************************************************************

                    xk=(   0.44194,  -0.61872,  -0.08839  )

     Band symmetry, C_1 (1)     point group:

     e(  1 -  1) =     -2.29014  eV     1   --> A              
     e(  2 -  2) =     -0.72895  eV     1   --> A              
     e(  3 -  3) =      2.14349  eV     1   --> A              
     e(  4 -  4) =      3.24403  eV     1   --> A              
     e(  5 -  5) =      8.59626  eV     1   --> A              
     e(  6 -  6) =     10.49043  eV     1   --> A              
     e(  7 -  7) =     11.48397  eV     1   --> A              
     e(  8 -  8) =     13.64700  eV     1   --> A              

 **************************************************************************

 **************************************************************************

                    xk=(   0.61872,  -0.61872,  -0.08839  )

     Band symmetry, C_1 (1)     point group:

     e(  1 -  1) =     -2.46628  eV     1   --> A              
     e(  2 -  2) =     -0.62699  eV     1   --> A              
     e(  3 -  3) =      2.76811  eV     1   --> A              
     e(  4 -  4) =      3.52093  eV     1   --> A              
     e(  5 -  5) =      7.10201  eV     1   --> A              
     e(  6 -  6) =      8.17523  eV     1   --> A              
     e(  7 -  7) =     14.47328  eV     1   --> A              
     e(  8 -  8) =     14.56055  eV     1   --> A              

 **************************************************************************

 **************************************************************************

                    xk=(   0.70711,  -0.53033,  -0.17678  )

     Band symmetry, C_1 (1)     point group:

     e(  1 -  1) =     -3.16497  eV     1   --> A              
     e(  2 -  2) =      0.23916  eV     1   --> A              
     e(  3 -  3) =      2.84175  eV     1   --> A              
     e(  4 -  4) =      3.44478  eV     1   --> A              
     e(  5 -  5) =      8.15436  eV     1   --> A              
     e(  6 -  6) =      8.85497  eV     1   --> A              
     e(  7 -  7) =     11.96151  eV     1   --> A              
     e(  8 -  8) =     14.19687  eV     1   --> A              

 **************************************************************************

 **************************************************************************

                    xk=(   0.79550,  -0.44194,  -0.26517  )

     Band symmetry, C_1 (1)     point group:

     e(  1 -  1) =     -3.54030  eV     1   --> A              
     e(  2 -  2) =      0.36186  eV     1   --> A              
     e(  3 -  3) =      2.88301  eV     1   --> A              
     e(  4 -  4) =      4.27490  eV     1   --> A              
     e(  5 -  5) =      9.08470  eV     1   --> A              
     e(  6 -  6) =      9.76174  eV     1   --> A              
     e(  7 -  7) =     11.22748  eV     1   --> A              
     e(  8 -  8) =     12.14457  eV     1   --> A              

 **************************************************************************

 **************************************************************************

                    xk=(   0.88388,  -0.35355,  -0.35355  )

     Band symmetry, C_1 (1)     point group:

     e(  1 -  1) =     -3.58453  eV     1   --> A              
     e(  2 -  2) =     -0.17441  eV     1   --> A              
     e(  3 -  3) =      3.74257  eV     1   --> A              
     e(  4 -  4) =      4.93858  eV     1   --> A              
     e(  5 -  5) =      8.56643  eV     1   --> A              
     e(  6 -  6) =      9.83137  eV     1   --> A              
     e(  7 -  7) =     10.07558  eV     1   --> A              
     e(  8 -  8) =     14.12448  eV     1   --> A              

 **************************************************************************

 **************************************************************************

                    xk=(   0.26517,  -0.97227,   0.26517  )

     Band symmetry, C_1 (1)     point group:

     e(  1 -  1) =     -3.33997  eV     1   --> A              
     e(  2 -  2) =     -0.54515  eV     1   --> A              
     e(  3 -  3) =      3.92438  eV     1   --> A              
     e(  4 -  4) =      4.64189  eV     1   --> A              
     e(  5 -  5) =      8.40037  eV     1   --> A              
     e(  6 -  6) =      9.72217  eV     1   --> A              
     e(  7 -  7) =     10.30808  eV     1   --> A              
     e(  8 -  8) =     13.57922  eV     1   --> A              

 **************************************************************************

 **************************************************************************

                    xk=(   0.35355,  -0.88388,   0.17678  )

     Band symmetry, C_1 (1)     point group:

     e(  1 -  1) =     -2.88788  eV     1   --> A              
     e(  2 -  2) =     -0.58340  eV     1   --> A              
     e(  3 -  3) =      2.75415  eV     1   --> A              
     e(  4 -  4) =      4.04509  eV     1   --> A              
     e(  5 -  5) =      9.27367  eV     1   --> A              
     e(  6 -  6) =      9.34087  eV     1   --> A              
     e(  7 -  7) =     12.11908  eV     1   --> A              
     e(  8 -  8) =     13.32857  eV     1   --> A              

 **************************************************************************

 **************************************************************************

                    xk=(   0.44194,  -0.79550,   0.08839  )

     Band symmetry, C_1 (1)     point group:

     e(  1 -  1) =     -2.29014  eV     1   --> A              
     e(  2 -  2) =     -0.72895  eV     1   --> A              
     e(  3 -  3) =      2.14349  eV     1   --> A              
     e(  4 -  4) =      3.24403  eV     1   --> A              
     e(  5 -  5) =      8.59626  eV     1   --> A              
     e(  6 -  6) =     10.49043  eV     1   --> A              
     e(  7 -  7) =     11.48397  eV     1   --> A              
     e(  8 -  8) =     13.64700  eV     1   --> A              

 **************************************************************************

 **************************************************************************

                    xk=(   0.53033,  -0.70711,   0.00000  )

     Band symmetry, C_1 (1)     point group:

     e(  1 -  2) =     -1.53570  eV     2   -->   2 A              
     e(  3 -  4) =      2.78721  eV     2   -->   2 A              
     e(  5 -  6) =      8.17837  eV     2   -->   2 A              
     e(  7 -  8) =     14.05399  eV     2   -->   2 A              

 **************************************************************************

 **************************************************************************

                    xk=(   0.00000,   0.00000,  -0.70711  )

     Band symmetry, C_1 (1)     point group:

     e(  1 -  2) =     -1.61371  eV     2   -->   2 A              
     e(  3 -  4) =      3.35136  eV     2   -->   2 A              
     e(  5 -  6) =      6.91737  eV     2   -->   2 A              
     e(  7 -  8) =     16.30942  eV     2   -->   2 A              

 **************************************************************************

 **************************************************************************

                    xk=(   0.08839,   0.08839,  -0.79550  )

     Band symmetry, C_1 (1)     point group:

     e(  1 -  1) =     -2.46628  eV     1   --> A              
     e(  2 -  2) =     -0.62699  eV     1   --> A              
     e(  3 -  3) =      2.76811  eV     1   --> A              
     e(  4 -  4) =      3.52093  eV     1   --> A              
     e(  5 -  5) =      7.10201  eV     1   --> A              
     e(  6 -  6) =      8.17523  eV     1   --> A              
     e(  7 -  7) =     14.47328  eV     1   --> A              
     e(  8 -  8) =     14.56055  eV     1   --> A              

 **************************************************************************

 **************************************************************************

                    xk=(   0.17678,   0.17678,  -0.88388  )

     Band symmetry, C_1 (1)     point group:

     e(  1 -  1) =     -3.04001  eV     1   --> A              
     e(  2 -  2) =     -0.17948  eV     1   --> A              
     e(  3 -  3) =      2.66980  eV     1   --> A              
     e(  4 -  4) =      3.99887  eV     1   --> A              
     e(  5 -  5) =      7.72738  eV     1   --> A              
     e(  6 -  6) =     10.65753  eV     1   --> A              
     e(  7 -  7) =     11.95152  eV     1   --> A              
     e(  8 -  8) =     12.12739  eV     1   --> A              

 **************************************************************************

 **************************************************************************

                    xk=(   0.26517,   0.26517,  -0.97227  )

     Band symmetry, C_1 (1)     point group:

     e(  1 -  1) =     -3.33997  eV     1   --> A              
     e(  2 -  2) =     -0.54515  eV     1   --> A              
     e(  3 -  3) =      3.92438  eV     1   --> A              
     e(  4 -  4) =      4.64189  eV     1   --> A              
     e(  5 -  5) =      8.40037  eV     1   --> A              
     e(  6 -  6) =      9.72217  eV     1   --> A              
     e(  7 -  7) =     10.30808  eV     1   --> A              
     e(  8 -  8) =     13.57922  eV     1   --> A              

 **************************************************************************

 **************************************************************************

                    xk=(  -0.35355,  -0.35355,  -0.35355  )

     Band symmetry, C_1 (1)     point group:

     e(  1 -  1) =     -3.42658  eV     1   --> A              
     e(  2 -  2) =     -0.76662  eV     1   --> A              
     e(  3 -  4) =      5.00552  eV     2   -->   2 A              
     e(  5 -  5) =      7.74292  eV     1   --> A              
     e(  6 -  7) =      9.54701  eV     2   -->   2 A              
     e(  8 -  8) =     13.94062  eV     1   --> A              

 **************************************************************************
 
     BANDS        :   1m 3.63s CPU      2.19s WALL

 
   This run was terminated on:  22:27: 5   4Aug2026            

=------------------------------------------------------------------------------=
   JOB DONE.
=------------------------------------------------------------------------------=
